id,word_id,part_of_speech,sense_number,definition_en,definition_zh,vocabulary_role,difficulty_band,cefr_level,register,is_primary,source_id,human_review,review_status
a21ce8dc-720e-597f-b69f-1230eec33f6a,b03af018-138b-5e4c-a472-5560a28b9703,n.,1,group consisting of one or two parents and their children,家庭；家人,foundation,4.0,A1,,true,b3335777-dc5f-5448-a777-923e6115c08c,false,approved
52f765e5-e468-5d65-9e23-32fe2e05d59a,c7b71309-71b9-5cda-a712-b4ae6f288c90,n.,1,person’s father or mother,父亲或母亲,foundation,4.0,A1,,true,b3335777-dc5f-5448-a777-923e6115c08c,false,approved
4f6ac419-d836-541b-ae0d-76642b0975f9,ee707d60-b7d5-5a2d-918d-5d4a8f88d83d,n.,1,female parent of a child or animal; a person who is acting as a mother to a child,母亲；妈妈,foundation,4.0,A1,,true,b3335777-dc5f-5448-a777-923e6115c08c,false,approved
3c6d20e2-e4f3-5afc-8058-e75033bf5972,9bb02efc-bc28-5080-8bc9-4474df8e0147,n.,1,young human who is not yet an adult,儿童；孩子,foundation,4.0,A1,,true,b3335777-dc5f-5448-a777-923e6115c08c,false,approved
3020574e-73de-51f6-a10f-bc5ac51d3680,980eb914-7cd7-5ffa-8097-bace94f18edf,n.,1,male parent of a child or an animal; a person who is acting as the father to a child,父亲；爸爸,foundation,4.0,A1,,true,b3335777-dc5f-5448-a777-923e6115c08c,false,approved
df621dde-0b01-5bdf-a9b5-6d99ec8cc815,67b1a04e-7214-510d-ad64-559dbb9af7da,n.,1,person’s male child,儿子,foundation,4.0,A1,,true,b3335777-dc5f-5448-a777-923e6115c08c,false,approved
c87a4cda-23e1-5c98-8efe-0ec654a4be4c,62ef2aeb-e532-54b6-8a8a-65714fb6b524,n.,1,person’s female child,女儿,foundation,4.0,A1,,true,b3335777-dc5f-5448-a777-923e6115c08c,false,approved
ea790ea2-3091-590a-9382-4a34110050b5,43647738-b133-5d8a-bd8f-3318808d95f5,n.,1,very young child or animal,婴儿,foundation,4.0,A1,,true,b3335777-dc5f-5448-a777-923e6115c08c,false,approved
bab89739-8d84-56fd-bae0-7b57f736aa43,e819ed39-0972-5e46-9f6e-a666bd33d521,n.,1,boy or man who has the same parents as another person,兄弟；哥哥；弟弟,foundation,4.0,A1,,true,b3335777-dc5f-5448-a777-923e6115c08c,false,approved
ab1e57cb-ae3e-580e-a4f3-30f59714de7c,5e796aa6-34f0-567b-8ffe-88798986783e,n.,1,father,爸爸,foundation,4.0,A1,,true,b3335777-dc5f-5448-a777-923e6115c08c,false,approved
f1d7dd00-b6f5-5c36-8884-74d7a1a5a48b,435264b6-1c58-587e-8a11-0d29278ec391,n.,1,the man that somebody is married to; a married man,丈夫,foundation,4.0,A1,,true,b3335777-dc5f-5448-a777-923e6115c08c,false,approved
c64a79e5-483d-5352-b614-92ed0ffb6196,02ed640a-e6b4-5ec4-a19a-59b9bc178d75,n.,1,the woman that somebody is married to; a married woman,妻子；太太,foundation,4.0,A1,,true,b3335777-dc5f-5448-a777-923e6115c08c,false,approved
984a8d58-de7e-54cf-96cf-391d0991b6eb,db2ade4d-7860-50fb-aff3-3ee580817824,n.,1,girl or woman who has the same mother and father as another person,姐妹；姐姐；妹妹,foundation,4.0,A1,,true,b3335777-dc5f-5448-a777-923e6115c08c,false,approved
464a2429-5933-547e-8a0a-b02f137222c7,8d608264-f4c6-5260-9778-58905566cb06,n.,1,two people who are married or in a romantic relationship,夫妻；情侣,foundation,4.0,A2,,true,b3335777-dc5f-5448-a777-923e6115c08c,false,approved
2581a8bc-9c9d-594a-8d91-454f0788f557,4c9a1056-f128-55d3-be94-90c4d1d97721,adj.,1,having a husband or wife,已婚的,foundation,4.0,A1,,true,b3335777-dc5f-5448-a777-923e6115c08c,false,approved
409986c8-ffcc-53b7-aace-b384482ff18c,9de3bbdc-b298-5665-8209-eab713778aeb,n.,1,fully grown person who is legally responsible for their actions,成年人,foundation,4.0,A1,,true,b3335777-dc5f-5448-a777-923e6115c08c,false,approved
e1bcf777-956c-5d38-a71e-250e52b99b59,245d2d61-2f57-571e-96d1-500d63d0d20f,n.,1,human as an individual,人；个人,foundation,4.0,A1,,true,b3335777-dc5f-5448-a777-923e6115c08c,false,approved
c6e0f7e8-2f18-5d03-b237-ea25fc5107e4,d033c83a-e3c4-5238-bf32-65690bab8769,n.,1,the sister of your father or mother; the wife of your uncle or aunt,姑妈；姨妈；伯母；婶母,foundation,4.0,A1,,true,b3335777-dc5f-5448-a777-923e6115c08c,false,approved
69792b86-17a5-5f99-9911-cf5c1bd0aa3d,69c047e0-4eb6-5bec-b17d-5c250bb8776f,n.,1,male child or a young male person,男孩,foundation,4.0,A1,,true,b3335777-dc5f-5448-a777-923e6115c08c,false,approved
458a2405-f0ad-53a0-a1c5-663fbd569b0a,b6567532-9167-5259-8671-370e6fc9effe,n.,1,female child,女孩,foundation,4.0,A1,,true,b3335777-dc5f-5448-a777-923e6115c08c,false,approved
4c80dff6-1e30-561b-9f6c-6d34609a9b22,960cf6f5-8c18-5420-995f-c32d350ee8ec,n.,1,the legal relationship between two people who are married to each other,婚姻,foundation,4.0,B1,,true,b3335777-dc5f-5448-a777-923e6115c08c,false,approved
0befb6d0-3c67-523f-9830-41b1ba30d733,86c33fe3-6a67-5ac9-838f-3ec9459d32ef,n.,1,the brother of your mother or father; the husband of your aunt or uncle,叔叔；伯伯；舅舅；姨父,foundation,4.0,A1,,true,b3335777-dc5f-5448-a777-923e6115c08c,false,approved
30cf9efc-ebe2-5a85-853c-4789e422407d,6c094c1b-0d76-52a0-b23a-95dbc28ac071,n.,1,child of your aunt or uncle,堂兄弟姐妹；表兄弟姐妹,foundation,4.0,A1,,true,b3335777-dc5f-5448-a777-923e6115c08c,false,approved
6f670f3e-dc90-5273-967f-5e1d0e4fb54a,5222eec8-3263-5d43-9a1c-66ab518a8235,n.,1,an adult male human,成年男子,foundation,4.0,A1,,true,b3335777-dc5f-5448-a777-923e6115c08c,false,approved
f9592995-d353-53be-8469-a7ea8dbc5de1,a5add6cd-d6df-551c-945d-db3f197f5196,n.,1,an adult female human,成年女子,foundation,4.0,A1,,true,b3335777-dc5f-5448-a777-923e6115c08c,false,approved
ec9f082c-42d4-56e9-a7a3-7ad8e038728d,08069a74-67c7-5a93-9cff-eaeb279801d7,n.,1,the number of years that a person has lived or a thing has existed,年龄,foundation,4.0,A1,,true,b3335777-dc5f-5448-a777-923e6115c08c,false,approved
59201284-fb3a-54a7-9a11-bb0827260e87,5ca7d27e-dad7-58e7-b8b1-9897bd4e9101,n.,1,person who is in the same family as somebody else,亲戚,foundation,4.0,B1,,true,b3335777-dc5f-5448-a777-923e6115c08c,false,approved
b9d1927f-8156-53f9-ab7e-a03dd49a3ec8,80fdccb7-9b36-51e4-af3c-08942d5baf86,n.,1,the mother of your father or mother,祖母；外祖母,foundation,4.0,A1,,true,b3335777-dc5f-5448-a777-923e6115c08c,false,approved
3da1f81f-cbe2-5a81-9acf-5cd9451bf93d,da57db1f-28d2-503f-945e-36678aa6229a,n.,1,"human beings; men, women and children",人们,foundation,4.0,A1,,true,b3335777-dc5f-5448-a777-923e6115c08c,false,approved
4c1c4ca1-9c12-5d99-9a7a-945083c7efaa,63a7a852-b17f-50b2-b596-030f7a1b7dad,n.,1,the father of your father or mother,祖父；外祖父,foundation,4.0,A1,,true,b3335777-dc5f-5448-a777-923e6115c08c,false,approved
3f4c9516-cf61-5007-8264-385a2c38c3ca,45937cfa-3396-5908-980c-8023e09ebb79,n.,1,"person you know well and like, and who is not usually a member of your family",朋友,foundation,4.0,A1,,true,b3335777-dc5f-5448-a777-923e6115c08c,false,approved
0b3f2002-c5a5-52d9-b4ca-c72d24e495a9,845637d6-e9f8-51ca-80b6-b38045e2353b,n.,1,child or young person,小孩；孩子,foundation,4.0,A2,,true,b3335777-dc5f-5448-a777-923e6115c08c,false,approved
90c36f21-c660-586d-844c-44e84b41534f,4bb7f3d5-d530-508b-9972-9105169c390c,n.,1,informal terms for a mother,妈妈,foundation,4.0,,,true,20bba4df-8a16-5e63-b73e-951692d95379,false,approved
dc20cba3-d589-5996-a220-bab69f868f9b,cdfbf235-2779-5e22-b163-78f9b9c46ce3,n.,1,"word or words that a particular person, animal, place or thing is known by",名字；姓名,foundation,4.0,A1,,true,b3335777-dc5f-5448-a777-923e6115c08c,false,approved
3b4751c0-c42d-58a3-8492-fef90debae3a,18265749-8be3-59a3-a27d-a100f180c535,adj.,1,having lived or existed for only a short time; not fully developed,年轻的；年幼的,foundation,4.0,A1,,true,b3335777-dc5f-5448-a777-923e6115c08c,false,approved
7b0b962f-ca73-5289-8ab7-b1b27d15b765,8348132d-143f-597a-b92c-400f61838f70,n.,1,the father or mother of your father or mother,祖父母；外祖父母,foundation,4.0,A1,,true,b3335777-dc5f-5448-a777-923e6115c08c,false,approved
8d767542-c08d-5124-a263-af8ed8093e72,f6d19303-501f-5884-807a-fe16e15e6275,adj.,1,having lived for many years; no longer young,年老的,foundation,4.0,A1,,true,b3335777-dc5f-5448-a777-923e6115c08c,false,approved
4d9bca1a-6d25-574d-86a9-c33b0a5ad9ff,8d126e0d-7b39-5dda-ab2f-9fe100a0abaf,n.,1,a person you do an activity with or share a relationship with,搭档；伴侣,foundation,4.0,A1,,true,b3335777-dc5f-5448-a777-923e6115c08c,false,approved
08dd3a2f-4c5f-5224-a479-788cb15b004f,8604dd35-e3fc-542a-b60c-af331a8890d9,n.,1,person who is between 13 and 19 years old,青少年,foundation,4.0,A1,,true,b3335777-dc5f-5448-a777-923e6115c08c,false,approved
2281d0a2-880f-5a04-8370-dd0703af0688,850bd623-5a93-564d-9f43-1ea7bb5ff93d,n.,1,one of two children born at the same time to the same mother,双胞胎之一,foundation,4.0,A2,,true,b3335777-dc5f-5448-a777-923e6115c08c,false,approved
2ab36c75-6ca0-5b18-912d-66b49c27aca6,eaa173fe-d3da-5905-8b9a-c708616dc66d,n.,1,a male grandchild,孙子；外孙,foundation,4.0,,,true,20bba4df-8a16-5e63-b73e-951692d95379,false,approved
7bead368-6855-512e-b445-1973a2a9ab8a,40b482b7-6a7b-5ad9-9d9a-78e25ce4386e,n.,1,a female grandchild,孙女；外孙女,foundation,4.0,,,true,20bba4df-8a16-5e63-b73e-951692d95379,false,approved
2044a5e1-74c9-5b65-a8cd-d0ff3cdbe70c,a161301c-9b89-53e0-b3cf-fe7acffc2d80,n.,1,a son of your brother or sister,侄子；外甥,foundation,4.0,A2,,true,20bba4df-8a16-5e63-b73e-951692d95379,false,approved
dfd86877-919a-5fa2-a026-bb346e510e25,f3c25cb9-3068-501c-a260-bf84614f3eb2,n.,1,a person who lives (or is located) near another,邻居,foundation,4.0,,,true,20bba4df-8a16-5e63-b73e-951692d95379,false,approved
bead0702-e45d-5604-8202-988dafe1c562,c3dc1d92-e848-50fc-87a4-7e1a8cb4a65e,n.,1,a daughter of your brother or sister,侄女；外甥女,foundation,4.0,A2,,true,20bba4df-8a16-5e63-b73e-951692d95379,false,approved
538f9710-2133-5372-9d79-c0975840a82d,7f0d63b4-1a36-5a19-ab14-9677464ceb23,adj.,1,having a small height or length,矮的；短的,foundation,4.0,A1,,true,b3335777-dc5f-5448-a777-923e6115c08c,false,approved
52411c24-8286-5f2d-8caf-2e2c3c6a948a,a9503178-6954-52ef-a1b9-d2df7631db13,v.,1,"to become larger, taller, or more developed",成长；长大,foundation,4.0,A1,,true,b3335777-dc5f-5448-a777-923e6115c08c,false,approved
56dcf74b-2a92-52cb-a03d-4203ecb35e10,2b6435ed-c8ea-582d-850a-a5e0199eb902,n.,1,the time when a baby is born; the process of being born,出生,foundation,4.0,A2,,true,b3335777-dc5f-5448-a777-923e6115c08c,false,approved
04cba3c7-2e01-5920-9389-9d285c7ef90a,0799fa25-b89f-5d03-b2c9-437b1b5f7e5b,adj.,1,weighing a lot; difficult to lift or move,重的,foundation,4.0,A2,,true,b3335777-dc5f-5448-a777-923e6115c08c,false,approved
edeaa218-22a5-5fb1-96ad-d20f771264ec,a238064d-9387-5cf4-9e61-889ecb45e554,adj.,1,"having a lot of physical power so that you can lift heavy weights, do hard physical work, etc.",强壮的,foundation,4.0,A1,,true,b3335777-dc5f-5448-a777-923e6115c08c,false,approved
ee9fa651-a20f-58d4-949e-c37d68ce5e16,d6751365-562a-53ee-a4eb-51492f88bdf0,n.,1,the measurement of how tall a person or thing is,身高；高度,foundation,4.0,A2,,true,b3335777-dc5f-5448-a777-923e6115c08c,false,approved
5bafa0f3-f622-58da-ab90-bedc0ea45dd1,79413cef-e6d8-5960-b0d6-a7549a2fd493,n.,1,"the front part of the head, where the eyes, nose and mouth are",脸；面部,foundation,4.0,A1,,true,b3335777-dc5f-5448-a777-923e6115c08c,false,approved
14c7a9c7-ca1f-5177-9799-bd2e2ddfb43b,c413fb20-3a0b-55d5-932a-1a04731bec9d,adj.,1,having beauty; giving pleasure to the senses or to the mind,美丽的,foundation,4.0,A1,,true,b3335777-dc5f-5448-a777-923e6115c08c,false,approved
f1900b28-2319-5819-b280-3b931566c3a2,465d33e7-fe18-5a77-8034-7cbb7810a3d4,n.,1,"the time of life when a person is young, especially the time before a child becomes an adult",青春时期；年轻时期,foundation,4.0,B1,,true,b3335777-dc5f-5448-a777-923e6115c08c,false,approved
e2ea3ab6-9341-51b3-8d40-ff47c6858f40,faf6f852-71b5-5fbc-9a09-844ea677e9f4,n.,1,either of the two organs on the face that you see with,眼睛,foundation,4.0,A1,,true,b3335777-dc5f-5448-a777-923e6115c08c,false,approved
899cf71a-9d34-55ac-972b-fd2f3cb32203,1e735186-065b-5ab4-9de9-b9f712d12944,adj.,1,having a greater than average height,高的,foundation,4.0,A1,,true,b3335777-dc5f-5448-a777-923e6115c08c,false,approved
9805e16b-0483-5d86-a2b7-9c9a95d8e8bc,f4a08ff5-e089-5def-99ca-e5cea9a57af3,adj.,1,brought into life by birth,出生的；天生的,foundation,4.0,A1,,true,20bba4df-8a16-5e63-b73e-951692d95379,false,approved
6f9ef7f1-5b8f-595d-82e6-b87eb07ba92d,93f921d3-8e28-521b-bdb2-3fcc8ba0eb73,n.,1,the substance that looks like a mass of fine threads growing on a person's head,头发,foundation,4.0,A1,,true,b3335777-dc5f-5448-a777-923e6115c08c,false,approved
02e65940-25cc-5ab2-82f5-766056214ab1,be5a5850-b0c3-54e0-af4d-b69716d468e6,adj.,1,attractive without being very beautiful,漂亮的,foundation,4.0,A1,,true,b3335777-dc5f-5448-a777-923e6115c08c,false,approved
619174b4-e9f0-507f-98ae-45d7fc7f7c5c,17008d3d-2fb1-502c-a481-05eee3812272,adj.,1,having little fat on the body,瘦的,foundation,4.0,A2,,true,b3335777-dc5f-5448-a777-923e6115c08c,false,approved
3da62256-c643-5307-9958-89b6f43ba525,1aeb3361-4bac-5f9d-b4dd-a3556f0f575d,adj.,1,having good health and not likely to become ill,健康的,foundation,4.0,A1,,true,b3335777-dc5f-5448-a777-923e6115c08c,false,approved
f8470e60-0e8c-56bd-914e-c557612687d7,f266ac47-11b0-5e60-9a1d-437534a05ecd,adj.,1,not physically strong,虚弱的,foundation,4.0,A2,,true,b3335777-dc5f-5448-a777-923e6115c08c,false,approved
35493e1c-2884-5b0e-af70-68914b90ef25,797332ab-a150-5b16-8553-ea284a052e1c,n.,1,"the part of the body at the end of the arm, including the fingers and thumb",手,foundation,4.0,A1,,true,b3335777-dc5f-5448-a777-923e6115c08c,false,approved
6e64c985-ff2a-5a01-9124-ecbc3646c82f,98083952-a3dd-5fae-ba0d-6b3afaa840ca,n.,1,"the lowest part of the leg, below the ankle, on which a person or an animal stands",脚,foundation,4.0,A1,,true,b3335777-dc5f-5448-a777-923e6115c08c,false,approved
d1ed4a9c-7842-5414-9de5-8f400b5662f6,0628a3aa-c60d-5033-b4ba-a6e3ee73b2b7,n.,1,"the part of the body on top of the neck containing the eyes, nose, mouth and brain",头；头部,foundation,4.0,A1,,true,b3335777-dc5f-5448-a777-923e6115c08c,false,approved
4d821d2d-3e86-5b54-b816-520d416ff979,15a42da7-5147-5479-9335-9f8eaaea45e2,n.,1,the whole physical structure of a human or an animal,身体,foundation,4.0,A1,,true,b3335777-dc5f-5448-a777-923e6115c08c,false,approved
947e0e3a-a3f0-5bf0-af58-dc9480d04017,1cb14623-1200-5ba7-a056-f2deff8b2cff,n.,1,either of the two long parts that stick out from the top of the body and connect the shoulders to the hands,手臂,foundation,4.0,A1,,true,b3335777-dc5f-5448-a777-923e6115c08c,false,approved
b484ebee-6873-5b66-94a7-25f82a549c06,3833f038-4cc6-5319-b24c-0acd97f6cae7,n.,1,"the part of the face that sticks out above the mouth, used for breathing and smelling things",鼻子,foundation,4.0,A1,,true,b3335777-dc5f-5448-a777-923e6115c08c,false,approved
7c0ffc26-c970-5638-94ad-7d256b25dd8d,3c6e83b7-618d-57fa-8e52-50a19dadd32f,n.,1,"the opening in the face used for speaking, eating, etc.; the area inside the head behind this opening",嘴；口腔,foundation,4.0,A1,,true,b3335777-dc5f-5448-a777-923e6115c08c,false,approved
53ad78bd-d644-5575-8cca-9fb1a76d6fcb,77ef53bb-328f-59b6-9898-d72b4e2649a4,n.,1,the period of somebody’s life when they are a child,童年,foundation,4.0,B1,,true,b3335777-dc5f-5448-a777-923e6115c08c,false,approved
26738ba2-e2d0-5ccf-b434-9a93f1d9b439,0cb2efad-9d61-5b61-9d81-2797e509e2b8,n.,1,the layer of tissue that covers the body,皮肤,foundation,4.0,A2,,true,b3335777-dc5f-5448-a777-923e6115c08c,false,approved
f35b3ef4-4f5c-5ac8-bdc5-585516c726c0,90585c4f-48f5-559c-8316-ea13c588c04c,n.,1,either of the organs on the sides of the head that you hear with,耳朵,foundation,4.0,A1,,true,b3335777-dc5f-5448-a777-923e6115c08c,false,approved
93cf2c78-8fd9-57e9-939e-2b9da00cd239,432fe844-b79d-537b-8462-3c15ddb37834,n.,1,one of the long parts that connect the feet to the rest of the body,腿,foundation,4.0,A1,,true,b3335777-dc5f-5448-a777-923e6115c08c,false,approved
450550ba-e299-5612-a11b-89aa0b30f03f,3ed5237b-36e6-53e4-8573-a966df7525fa,n.,1,any of the hard white structures in the mouth used for biting food,牙齿,foundation,4.0,A1,,true,b3335777-dc5f-5448-a777-923e6115c08c,false,approved
9235cae8-7063-56ae-b9ab-674542ddf5db,d5caab91-baa7-5ed3-9797-ef9353f694aa,adj.,1,not married or in a romantic relationship,单身的,foundation,4.0,A2,,true,b3335777-dc5f-5448-a777-923e6115c08c,false,approved
244be9df-1d0d-5f95-99fc-c3a34f45c3f2,960743a8-92c0-5f06-b3b2-678fae636019,n.,1,a person's appearance or the expression on their face,外表；神情,foundation,4.0,A2,,true,20bba4df-8a16-5e63-b73e-951692d95379,false,approved
81d3908d-2fed-5641-8960-ca7e2f7e01f8,81f8e222-59c9-5600-8954-245c78d2fca4,v.,1,to make the sounds and movements of your face that show you think something is funny or silly,笑,foundation,4.0,A1,,true,b3335777-dc5f-5448-a777-923e6115c08c,false,approved
67d7c662-bb72-5c82-96ce-d131dfd0e97f,b853e40a-3e3b-5721-9225-1b62770c4632,n.,1,the sound or sounds produced through the mouth by a person speaking or singing,嗓音；声音,foundation,4.0,A2,,true,b3335777-dc5f-5448-a777-923e6115c08c,false,approved
5c515fef-fdba-5716-a3e1-f539ab48cdd9,31c22836-e2ed-56b7-829b-9d7232a7b38f,v.,1,to make a smile appear on your face,微笑,foundation,4.0,A2,,true,b3335777-dc5f-5448-a777-923e6115c08c,false,approved
7bae26df-f96b-5fbc-93fa-34436a3a6998,dec0ef55-1ff4-5e06-9bb3-1a7e4175f022,n.,1,the way that somebody/something looks on the outside; what somebody/something seems to be,外貌；外表,foundation,4.0,A2,,true,b3335777-dc5f-5448-a777-923e6115c08c,false,approved
21d515a3-1065-5124-92a7-0d45d5f10410,fe971c41-18ec-5968-808e-2fafdee79ef3,adj.,1,no longer alive,死的；失去生命的,foundation,4.0,A2,,true,b3335777-dc5f-5448-a777-923e6115c08c,false,approved
8eddbebf-1e55-5bce-8af8-889314c768ed,ae762a3e-e009-5dd3-8804-9667f1c5cc84,adj.,1,being a man or boy,男性的；雄性的,foundation,4.0,A2,,true,b3335777-dc5f-5448-a777-923e6115c08c,false,approved
9b3bbdf2-cf96-580c-a86d-84d98a4e0dae,185719ec-dd76-54c3-b2c7-0a1abafd4b3d,adj.,1,being a woman or a girl,女性的；雌性的,foundation,4.0,A2,,true,b3335777-dc5f-5448-a777-923e6115c08c,false,approved
a2f63f21-8d8b-50ad-bebf-8eccc7a44ad4,384ab201-b0e0-5299-ad2c-689a7b0efb69,adj.,1,pretty and attractive,可爱的,foundation,4.0,A2,,true,b3335777-dc5f-5448-a777-923e6115c08c,false,approved
6c5438ae-7a6f-50c2-8c81-304c517555a0,4d94db1b-86a4-5ef8-b85a-1c474b14b215,adj.,1,living; not dead,活着的,foundation,4.0,A2,,true,b3335777-dc5f-5448-a777-923e6115c08c,false,approved
03331618-dfd4-56c7-b9cc-44ef66b709db,ea820e43-f956-5ddf-a55b-17b0cdc22fcb,adj.,1,pleasing in appearance especially by reason of conformity to ideals of form and proportion,英俊的,foundation,4.0,,,true,20bba4df-8a16-5e63-b73e-951692d95379,false,approved
8c630363-cd17-5ef2-a84d-cb971c0caf07,92616ecc-c39e-5fc4-811d-07606552fe46,adj.,1,used as a polite word for ‘old’,年长的；上了年纪的,general_ielts,4.0,B1,,true,b3335777-dc5f-5448-a777-923e6115c08c,false,approved
1aca7022-2f75-5faf-a8be-707a311376d1,bead1bb2-9d85-54d4-8f75-7d8fb21e91ae,adj.,1,having a baby or young animal developing inside her/its body,怀孕的,foundation,4.0,B1,,true,b3335777-dc5f-5448-a777-923e6115c08c,false,approved
f977eef8-e770-5a99-871c-37d92284bc0c,2c24318c-5c70-5e7d-9e49-4bb171c7fce1,n.,1,the hair growing on the lower part of a man's face,胡须；胡子,foundation,4.0,A2,,true,20bba4df-8a16-5e63-b73e-951692d95379,false,approved
10b7ebce-3330-5b7b-854a-3c42d11900f0,cf5f04de-92b8-5b10-873d-bf9e2f77e6d9,adj.,1,thin in an attractive or healthy-looking way,苗条的,foundation,4.0,A2,,true,20bba4df-8a16-5e63-b73e-951692d95379,false,approved
d8aa4592-9f8d-50ee-989b-e391761ce82c,9ecc3abc-0829-52c7-8751-8697a11a8a35,v.,1,to feel that something is important and worth worrying about,关心；在意,foundation,4.0,A2,,true,b3335777-dc5f-5448-a777-923e6115c08c,false,approved
de4404c1-3d3b-502d-9b7a-42b14ee4769b,23949bce-ce3a-57b5-bc72-a35066f91bc4,v.,1,"to help someone emotionally, practically, or financially",支持；帮助,foundation,4.0,A2,,true,20bba4df-8a16-5e63-b73e-951692d95379,false,approved
a06bfa59-3158-5c65-b3e4-7f4201fd2174,9a0e9ea1-8a87-57fe-9fb5-e1ab519fc5b5,v.,1,to have very strong feelings of liking and caring for somebody,爱；喜爱,foundation,4.0,A1,,true,b3335777-dc5f-5448-a777-923e6115c08c,false,approved
12de099a-b401-5b0a-ab98-9c5893ee52fa,0092299b-5d58-5fbc-b483-461323aa2602,v.,1,to make it easier or possible for somebody to do something by doing something for them or by giving them something that they need,帮助,foundation,4.0,A1,,true,b3335777-dc5f-5448-a777-923e6115c08c,false,approved
819d1b9f-2dfb-576c-b3fc-237c007c878f,e408406a-e69c-56d8-b603-c6db80fbfdd9,v.,1,to have your home in a particular place,居住,foundation,4.0,A1,,true,b3335777-dc5f-5448-a777-923e6115c08c,false,approved
4eec6b22-7589-5961-9701-51cfa1aafedc,52bbe1ba-dfe0-5682-8d28-d234dd92867d,v.,1,"to have, use or experience something at the same time as somebody else",分享；共用,foundation,4.0,A1,,true,b3335777-dc5f-5448-a777-923e6115c08c,false,approved
28173cca-fd95-5304-9bb6-3ddf5957ee80,09086ede-d825-5016-adae-e792304a9c4c,v.,1,to go to see a person or a place for a period of time,拜访；看望,foundation,4.0,A1,,true,b3335777-dc5f-5448-a777-923e6115c08c,false,approved
04c7333b-d3de-5584-8bde-2e79d26e259c,18803a68-ad85-586c-bd80-ae0dd86eaf5c,v.,1,"to come together with someone, either by plan or by chance",见面；遇见,foundation,4.0,A1,,true,b3335777-dc5f-5448-a777-923e6115c08c,false,approved
9cccae4b-b7b3-5314-8da7-7391d887755a,ef3e4eec-660f-511a-9450-cb498b02f6f8,n.,1,"the way in which two people, groups or countries behave towards each other or deal with each other",关系,foundation,4.0,A2,,true,b3335777-dc5f-5448-a777-923e6115c08c,false,approved
dfbbd175-590c-52bf-999a-4ad8d527b299,ff5c5a2b-0d1e-509e-b69a-f709b26e8e55,v.,1,"to have or keep an image in your memory of an event, a person, a place, etc. from the past",记得；记住,foundation,4.0,A1,,true,b3335777-dc5f-5448-a777-923e6115c08c,false,approved
a2580559-3afa-52ce-ab17-e8d73a0014d3,840ea61d-9926-50cc-a9c6-78e42124dade,v.,1,to have information in your mind as a result of experience or because you have learned or been told it,知道；认识,foundation,4.0,A1,,true,b3335777-dc5f-5448-a777-923e6115c08c,false,approved
c9ffc9fe-0c71-5d2d-9fb6-f3a5a48f31e9,fa87be24-490e-5e28-886f-d3b40cd3fe78,adj.,1,pleasant or attractive,友好的；令人愉快的,foundation,4.0,A1,,true,b3335777-dc5f-5448-a777-923e6115c08c,false,approved
09d6b176-d0ed-5f51-a970-4380fe06c1ee,3a662548-5eab-5c4d-9acd-4fbf458f03ba,adj.,1,"caring about others; gentle, friendly and generous",善良的；体贴的,foundation,4.0,B1,,true,b3335777-dc5f-5448-a777-923e6115c08c,false,approved
5b922210-27ca-57be-abda-0340508cbd33,20ae840a-5074-5bbb-9947-b9d46aa75b58,v.,1,to have a very good opinion of somebody/something; to admire somebody/something,尊重,foundation,4.0,B1,,true,b3335777-dc5f-5448-a777-923e6115c08c,false,approved
5819dd44-6b1e-5b80-a5eb-5db36f865d87,763502c3-d16b-5dc1-8c74-3ca90e395d37,n.,1,"the customs and beliefs, art, way of life and social organization of a particular country or group",文化,general_ielts,4.0,A1,,true,b3335777-dc5f-5448-a777-923e6115c08c,false,approved
65dd96a0-5d8d-55f8-803f-a93132aebd14,4c91de05-4389-59fe-9424-69c9d4370c2f,adj.,1,behaving in a kind and pleasant way because you like somebody or want to help them,友好的,foundation,4.0,A1,,true,b3335777-dc5f-5448-a777-923e6115c08c,false,approved
f07dcc86-acbc-5353-bc8c-3eb0a9a2bf72,5bdcd7d7-c6a7-54be-84c1-c6c99360b012,n.,1,"all the people who live in a particular area, country, etc. when talked about as a group",社区,general_ielts,4.0,A2,,true,b3335777-dc5f-5448-a777-923e6115c08c,false,approved
26d32391-3e37-53b4-b891-29c1d9285b65,3d5de9e9-178c-585d-abe6-2b3197465c5e,adj.,1,making very little noise,安静的,foundation,4.0,A1,,true,b3335777-dc5f-5448-a777-923e6115c08c,false,approved
e2b2450f-c8e9-50dd-ae7b-bfbc36ca2900,e14d86a7-19ea-5d2f-941d-3c756dd97e34,n.,1,the function or position someone has in a family or group,角色；职责,foundation,4.0,A2,,true,20bba4df-8a16-5e63-b73e-951692d95379,false,approved
545c08d8-78da-578e-b39f-0baf3e9cee15,e401666b-4ed6-573b-b743-53fe903ce521,n.,1,"the belief that somebody/something is good, sincere, honest, etc. and will not try to harm or trick you",信任,foundation,4.0,B2,,true,b3335777-dc5f-5448-a777-923e6115c08c,false,approved
c55f6b0b-4bde-5b39-99a7-745e348d9db4,bd507410-c747-5388-b0f3-4a5db9cfb720,n.,1,"duty to deal with or take care of somebody/something, so that you may be blamed if something goes wrong",责任,general_ielts,4.0,B1,,true,b3335777-dc5f-5448-a777-923e6115c08c,false,approved
5bfdb0db-9c36-5e0f-84f3-86fe8bbdb91e,aa2cabca-2731-517f-b37a-dfa5b7352e40,adj.,1,"always busy doing things, especially physical activities",活跃的；积极的,foundation,4.0,A2,,true,b3335777-dc5f-5448-a777-923e6115c08c,false,approved
aa51a16a-4923-5993-a543-1001db85c04e,23981f93-59e0-5751-932f-8c60f0587997,adj.,1,able to live or act without depending on other people,独立的,foundation,4.0,A2,,true,b3335777-dc5f-5448-a777-923e6115c08c,false,approved
5ef3bfcc-5e1b-5724-8ceb-6fe824e02e3f,352e0305-d072-533d-ae73-93300bea4fb7,adj.,1,"always telling the truth, and never stealing or cheating",诚实的,foundation,4.0,B1,,true,b3335777-dc5f-5448-a777-923e6115c08c,false,approved
2e267928-e248-5cee-a064-2071f96b0d6e,55a191b8-aca3-5983-86db-d6e836ac6041,v.,1,to care for a child until the child becomes an adult,抚养；养育,foundation,4.0,A2,,true,20bba4df-8a16-5e63-b73e-951692d95379,false,approved
a2c6a537-f34a-53d5-94c1-902d7253394a,29a903c4-fb19-5587-9222-229b7d17e675,n.,1,a belief about what is important or morally right,价值观；准则,foundation,4.0,B1,,true,20bba4df-8a16-5e63-b73e-951692d95379,false,approved
53dd57d1-b7b4-5869-aed6-69088fe5e829,2b294876-af0d-5a85-a743-4f6bdcdf5054,adj.,1,not the same as somebody/something; not like somebody/something else,不同的,foundation,4.0,A1,,true,b3335777-dc5f-5448-a777-923e6115c08c,false,approved
432fbebf-fa75-5935-afbc-822855110a52,12346ecb-347d-5ac5-a14f-abcf3ca1b6b1,n.,1,"conversation or discussion in which two or more people disagree, often angrily",争吵；争论,foundation,4.0,A2,,true,b3335777-dc5f-5448-a777-923e6115c08c,false,approved
3cca23d8-b659-56ce-8d2f-54e666f47509,c30c52f5-37d0-51d7-84ee-e38d617cc32c,v.,1,to have the same opinion as somebody; to say that you have the same opinion,同意,foundation,4.0,A1,,true,b3335777-dc5f-5448-a777-923e6115c08c,false,approved
690c73c3-ac3a-5a11-b9d2-106e445659cd,6554afca-1de4-5f93-aa47-7fe4128dd87d,adj.,1,like somebody/something but not exactly the same,相似的,foundation,4.0,A1,,true,b3335777-dc5f-5448-a777-923e6115c08c,false,approved
4c11242b-bbca-53e4-aa08-210282140112,f57a35eb-6cc2-5974-ae9d-4c829b2f0b47,adj.,1,having or showing good manners and respect for the feelings of others,有礼貌的,foundation,4.0,A2,,true,b3335777-dc5f-5448-a777-923e6115c08c,false,approved
8fca57d7-e961-5345-8c62-efcd8547fb2d,5561dee8-433a-5567-abf3-c10bf4a81566,n.,1,the way that you think and feel about somebody/something; the way that you behave towards somebody/something that shows how you think and feel,态度,general_ielts,4.0,B1,,true,b3335777-dc5f-5448-a777-923e6115c08c,false,approved
832f7619-e297-5c5c-8e3e-548c821c84ff,30fefaea-8c69-53c7-b6cc-20216cc2b80c,adj.,1,"having the job or duty of doing something or taking care of somebody/something, so that you may be blamed if something goes wrong",负责任的,foundation,4.0,B1,,true,b3335777-dc5f-5448-a777-923e6115c08c,false,approved
4fed3d1a-de2a-5b8f-91e7-5e8af12eb8d1,e59dd8f9-3ba6-5c33-aa63-baa30b456fa1,n.,1,"belief, custom or way of doing something that has existed for a long time among a particular group of people; a set of these beliefs or customs",传统,foundation,4.0,A2,,true,b3335777-dc5f-5448-a777-923e6115c08c,false,approved
f8763aac-31ee-5aa7-8b15-5aa09dc5f0ad,7c952027-4086-5823-8522-494ceb9d7a82,adv.,1,with or near to somebody/something else; with each other,一起；共同,foundation,4.0,A1,,true,b3335777-dc5f-5448-a777-923e6115c08c,false,approved
5867aca3-b11d-5a2d-bd7c-54a346c4931e,03e47a65-94bd-5314-ba9c-c49ff556a88a,adj.,1,happening often; existing in large numbers or in many places,常见的；共同的,foundation,4.0,A1,,true,b3335777-dc5f-5448-a777-923e6115c08c,false,approved
6ef06b39-d11e-5274-97ce-8f9492303d9b,b522f587-67da-5229-acd4-050cfe9f2260,n.,1,the effect that somebody/something has on the way a person thinks or behaves or on the way that something works or develops,影响,general_ielts,4.0,B1,,true,b3335777-dc5f-5448-a777-923e6115c08c,false,approved
1a9a484a-415f-5492-8606-7840b49fcae2,034e31c9-6319-54d7-9dd1-ea86617ea1f2,v.,1,"to make sure that somebody/something is not harmed, injured, damaged, etc.",保护,foundation,4.0,A2,,true,b3335777-dc5f-5448-a777-923e6115c08c,false,approved
a29b0548-680f-5fd6-a4e7-339e7d3faf9c,0df5ff4f-0ce7-5d9e-a575-4eafce121c96,adj.,1,having a strong and friendly relationship,亲密的；关系密切的,foundation,4.0,A2,,true,b3335777-dc5f-5448-a777-923e6115c08c,false,approved
6b53dbc5-4550-561d-80e7-72dd51d34524,2055d1ae-2164-56fc-94a8-0125ed51ac4a,adj.,1,without any other people,独自的；单独的,foundation,4.0,A2,,true,b3335777-dc5f-5448-a777-923e6115c08c,false,approved
cafe6556-95dd-516b-b85c-c9fcf54b3058,50d402e4-714a-58ba-9e9d-2653de24bb55,n.,1,all the people who were born at about the same time,一代人,general_ielts,4.0,B1,,true,b3335777-dc5f-5448-a777-923e6115c08c,false,approved
d12d2447-6bad-5894-aa41-5eb96f68c1db,a30bab2a-7eb3-5356-9953-01ed66ad915a,v.,1,"if two people disagree or one person disagrees with another about something, they have a different opinion about it",不同意；有分歧,foundation,4.0,A2,,true,b3335777-dc5f-5448-a777-923e6115c08c,false,approved
5484abcb-b70f-52de-8b99-c02d92a98de4,d863615e-dde9-5c7a-b774-98b41ce3b769,v.,1,"to give somebody support, courage or hope",鼓励,foundation,4.0,B1,,true,b3335777-dc5f-5448-a777-923e6115c08c,false,approved
a11a509b-9425-59f7-895b-81cb2c03bc71,ac9eb104-9e02-5081-bdf9-f11427563868,n.,1,manner of acting or controlling yourself,行为；举止,general_ielts,4.0,,,true,20bba4df-8a16-5e63-b73e-951692d95379,false,approved
35f3e46f-2ee2-5633-b76f-913627996ef4,27e5e31a-d036-5eda-b1dd-ac555a59feab,v.,1,"to share or exchange information, news, ideas, feelings, etc.",沟通；交流,foundation,4.0,A2,,true,b3335777-dc5f-5448-a777-923e6115c08c,false,approved
9c91b6cf-0620-51a6-8c90-9e3924e15894,2e52d6e5-7ac0-5e96-a7cf-d0b7762000ea,n.,1,"building for people to live in, usually for one family",房子；住宅,foundation,4.0,A1,,true,b3335777-dc5f-5448-a777-923e6115c08c,false,approved
8d080aba-a26c-5884-a573-203e6db37b15,728b36ae-7917-5a3c-bfda-60ca4538e91a,n.,1,structure such as a house or school that has a roof and walls,建筑物,foundation,4.0,A1,,true,b3335777-dc5f-5448-a777-923e6115c08c,false,approved
3421d574-f85a-5b57-9930-7196ab6d060e,f352fd4f-8eea-5dda-89cf-0ac77e1c5eb8,n.,1,"part of a building that has its own walls, floor and ceiling and is usually used for a particular purpose",房间,foundation,4.0,A1,,true,b3335777-dc5f-5448-a777-923e6115c08c,false,approved
908bc68b-7a2b-5b47-9562-e4db3ab060ee,53cb483c-dc1b-5294-97ab-e2d68a039a23,n.,1,the house or apartment where a person lives,家；住所,foundation,4.0,A1,,true,20bba4df-8a16-5e63-b73e-951692d95379,false,approved
b48a70c8-740a-5e50-b06b-618dcfca49ac,872620ad-9488-517e-8557-9f71574a8e8b,n.,1,"long, solid structure that rises straight up from the ground, made of stone, brick or concrete, that surrounds, divides or protects an area of land",墙；墙壁,foundation,4.0,A1,,true,b3335777-dc5f-5448-a777-923e6115c08c,false,approved
28814bd9-11b1-5227-86c9-7bccba77715e,2525730d-1269-5234-80e8-99173cc33906,n.,1,room for sleeping in,卧室,foundation,4.0,A1,,true,b3335777-dc5f-5448-a777-923e6115c08c,false,approved
8ffa69c9-a924-5217-b2b2-62b3bbe3447b,b5c7648e-0156-5ada-a460-46b064865c57,n.,1,"set of rooms for living in, usually on one floor of a building",公寓,foundation,4.0,A1,,true,b3335777-dc5f-5448-a777-923e6115c08c,false,approved
4a669547-f687-5e9f-9390-bcc9459b275b,a7388e34-9225-5d05-9021-64ce71ccefff,n.,1,"room in which there is a bath, a washbasin and often a toilet",浴室；卫生间,foundation,4.0,A1,,true,b3335777-dc5f-5448-a777-923e6115c08c,false,approved
7c3e1b70-804c-5d57-aa90-7964b15a4e80,b1a8262a-e65d-5fc2-b6f9-bdf57949dd0c,n.,1,room in which meals are cooked or prepared,厨房,foundation,4.0,A1,,true,b3335777-dc5f-5448-a777-923e6115c08c,false,approved
f339465f-0d68-51be-b427-85744f6b240c,89dc6ab6-e9ea-5c37-b06d-694de25fccec,n.,1,"an opening in the wall or roof of a building, car, etc., usually covered with glass, that allows light and air to come in and people to see out; the glass in a window",窗户,foundation,4.0,A1,,true,b3335777-dc5f-5448-a777-923e6115c08c,false,approved
2acb17cf-3800-575e-ad3e-1c9e2209de9e,4ce5816c-d8df-5865-a8ad-6d2f70a1bb2d,n.,1,the surface of a room that you walk on,地板,foundation,4.0,A1,,true,b3335777-dc5f-5448-a777-923e6115c08c,false,approved
62022b79-e181-5f12-b36f-1122b06a39eb,6d8bdd32-05dc-5608-a5d2-a3cc2cc16997,n.,1,"piece of wood, glass, etc. that is opened and closed so that people can get in and out of a room, building, car, etc.; a similar thing in a cupboard",门,foundation,4.0,A1,,true,b3335777-dc5f-5448-a777-923e6115c08c,false,approved
c3ea42f2-ffd7-5df3-ab80-c02db8e2b321,60eff5cb-a01b-512d-8db9-45ad974bb5fd,n.,1,"piece of land next to or around your house where you can grow flowers, fruit, vegetables, etc., usually with a lawn (= an area of grass)",花园,foundation,4.0,A1,,true,b3335777-dc5f-5448-a777-923e6115c08c,false,approved
ac1edc3b-12f9-5774-b9af-0cd90d10e74a,aa622e5a-89c1-56ee-941b-5fcd243b4b20,n.,1,piece of furniture that consists of a flat top supported by legs,桌子,foundation,4.0,A1,,true,b3335777-dc5f-5448-a777-923e6115c08c,false,approved
2628492b-2e66-5114-a0cd-3d2c20550c3a,07a818ed-baa2-531f-b1b2-f3c6f728887c,n.,1,"piece of furniture for one person to sit on, with a back, a seat and four legs",椅子,foundation,4.0,A1,,true,b3335777-dc5f-5448-a777-923e6115c08c,false,approved
3e0354f7-edc7-52ec-bfd5-2d1c3d2a7e08,8ceb46b7-1ef5-57a3-9687-5baf2cf56588,n.,1,space or passage inside the entrance or front door of a building,门厅；走廊,foundation,4.0,A2,,true,b3335777-dc5f-5448-a777-923e6115c08c,false,approved
50e7edee-0e71-5f2f-a891-79fd91fd69ab,4edebdaf-cd65-5cb3-aed5-452c5f4286e7,n.,1,the structure that covers or forms the top of a building or vehicle,屋顶,foundation,4.0,A2,,true,b3335777-dc5f-5448-a777-923e6115c08c,false,approved
28783f02-bf7d-5a98-a195-da9227a2328b,5e40264d-2b46-59f0-bb43-cce672e7aac4,n.,1,piece of furniture for sleeping on,床,foundation,4.0,A1,,true,b3335777-dc5f-5448-a777-923e6115c08c,false,approved
cf6ef38b-038a-5963-a4c2-7c215991126e,94132665-bc60-5e8c-8d63-40069c39778e,n.,1,an area of land next to a house,院子,foundation,4.0,B1,,true,b3335777-dc5f-5448-a777-923e6115c08c,false,approved
f6f7609c-979f-5203-906d-1bd5335371c5,79482d76-d0a8-56c2-9371-da200cf67baa,n.,1,"objects that can be moved, such as tables, chairs and beds, that are put into a house or an office to make it suitable for living or working in",家具,foundation,4.0,A2,,true,b3335777-dc5f-5448-a777-923e6115c08c,false,approved
0bea869e-55d5-5432-8492-fab23f31a7d7,63008320-0403-5a1b-91b2-733d2f2d344b,n.,1,the top inside surface of a room,天花板,foundation,4.0,B1,,true,b3335777-dc5f-5448-a777-923e6115c08c,false,approved
fa8e1c15-49dd-5896-ae6b-50b3268f1f51,39f02ac7-4ea4-5fb4-8a60-741474839c94,n.,1,"piece of furniture like a table, often with drawers (= parts like boxes in it with handles on the front for pulling them open), that you sit at to read, write, work, etc.",书桌；办公桌,foundation,4.0,A1,,true,b3335777-dc5f-5448-a777-923e6115c08c,false,approved
821d3dbb-8437-5380-ab95-e010784c056b,0b497720-d034-5775-9bdf-53f7711fb0e6,n.,1,a lamp or other object that produces light,灯；光源,foundation,4.0,A1,,true,20bba4df-8a16-5e63-b73e-951692d95379,false,approved
bd52f273-01cb-58c1-95e2-e426cd2b7657,cf9ab3a3-df9d-5b34-8cab-1d7620084c19,n.,1,"door, gate, passage, etc. used for entering a room, building or place",入口,foundation,4.0,B1,,true,b3335777-dc5f-5448-a777-923e6115c08c,false,approved
b9696101-7cce-54dc-a5a1-dc68debe1d4a,aff33913-d8df-5f15-82ed-fe5d42c20062,n.,1,building for keeping one or more cars or other vehicles in,车库,foundation,4.0,B1,,true,b3335777-dc5f-5448-a777-923e6115c08c,false,approved
facb9455-ee61-59c3-a2c8-2d1134657c98,83901906-f99a-5001-ba88-d40981e858ac,n.,1,"flat board, made of wood, metal, glass, etc., fixed to the wall or forming part of a cupboard, bookcase, etc., for things to be placed on",架子；搁板,foundation,4.0,B1,,true,b3335777-dc5f-5448-a777-923e6115c08c,false,approved
db37b4c7-cdf7-54f3-b0a3-bf7ca614a41e,3cf05b34-27f1-5512-8153-2348bf3c5785,n.,1,"piece of metal with a special shape used for locking a door, starting a car, etc.",钥匙,foundation,4.0,A1,,true,b3335777-dc5f-5448-a777-923e6115c08c,false,approved
6117a01c-3a8a-517b-9785-75a8156bf93b,43142705-735b-5b38-bf1c-aaf8c586b269,n.,1,"piece of special flat glass that reflects images, so that you can see yourself when you look in it",镜子,foundation,4.0,A2,,true,b3335777-dc5f-5448-a777-923e6115c08c,false,approved
bc770f57-02cb-5102-a533-187888350484,9de50056-5b8a-5899-8efc-afb6c7708e81,n.,1,"piece of thick woven material made of wool, etc., used to cover the floor of a room or stairs; the material used for carpets",地毯,foundation,4.0,A2,,true,b3335777-dc5f-5448-a777-923e6115c08c,false,approved
be9dca37-5b5b-5e38-8eed-8398b73fdc35,fae465ed-fd4c-538b-9284-4a399367e28e,n.,1,"device that uses electricity, oil or gas to produce light",灯,foundation,4.0,A2,,true,b3335777-dc5f-5448-a777-923e6115c08c,false,approved
fff00b10-9f9f-5939-a689-b166d010f7f2,62ccba66-63e1-5e8f-a26c-383f842b0a11,n.,1,"device that keeps a door, window, box, etc. shut, usually needing a key to open it",锁,foundation,4.0,A2,,true,b3335777-dc5f-5448-a777-923e6115c08c,false,approved
ac727e9c-e501-5d2a-8ded-2633e9cad846,3402ea87-5591-526c-85d4-b4aff8fa5823,n.,1,a flight of stairs or a flight of steps,楼梯,foundation,4.0,,,true,20bba4df-8a16-5e63-b73e-951692d95379,false,approved
485a271d-db79-53d8-94d3-453525035d29,f160e2e6-d37c-515d-a85e-2f93c574cebd,n.,1,equipment that sprays water so a person can wash,淋浴器,foundation,4.0,A1,,true,b3335777-dc5f-5448-a777-923e6115c08c,false,approved
f4f5f7d2-f617-52c9-9573-821b8760381b,5e04d42f-7db0-5762-a0be-3415d042cc9c,n.,1,a piece of furniture with shelves or drawers used for storage,橱柜；储物柜,foundation,4.0,A2,,true,20bba4df-8a16-5e63-b73e-951692d95379,false,approved
be53a7fa-e882-5845-b0b7-c2f2710747d8,c2dde21f-2525-5d0c-929c-5008374ea58e,n.,1,piece of cloth that is hung to cover a window,窗帘,foundation,4.0,B1,,true,b3335777-dc5f-5448-a777-923e6115c08c,false,approved
3573551b-5f6f-5814-804d-144f3a92ca50,22af4c99-013f-53f3-a623-72dfb37ef284,n.,1,a platform outside an upper floor of a building,阳台,foundation,4.0,,,true,20bba4df-8a16-5e63-b73e-951692d95379,false,approved
abacf929-c9b5-5085-bf71-74ab473fc856,08e9e5ad-237a-57a8-b2b7-190cac42a972,n.,1,large bowl attached to a pipe that you sit on or stand over when you get rid of waste matter from your body,马桶；厕所,foundation,4.0,A1,,true,b3335777-dc5f-5448-a777-923e6115c08c,false,approved
60446f91-64ef-5646-91fe-d0feaf5831e8,3f116456-fbaa-5b43-8ae2-6dd1c23f77c6,n.,1,a small storage space or cupboard for clothes and other things,壁橱；衣橱,foundation,4.0,A2,,true,20bba4df-8a16-5e63-b73e-951692d95379,false,approved
bdfa0d4e-3a50-50ac-8d6d-560aa48c9d9c,10556924-fc5e-5b0d-929a-7972d0753a37,n.,1,a boxlike container in a piece of furniture; made so as to slide in and out,抽屉,foundation,4.0,,,true,20bba4df-8a16-5e63-b73e-951692d95379,false,approved
13ff5cbd-b3ff-58f9-be7a-9a057e50a121,814d57e5-1cce-5f7f-bb93-753b8cbe4896,n.,1,a long comfortable seat for two or more people,长沙发,foundation,4.0,A2,,true,20bba4df-8a16-5e63-b73e-951692d95379,false,approved
92a4eba4-9647-51f0-a1e5-dacfc3120f07,6e316533-0046-5757-bb63-6046f9193b87,n.,1,a tall piece of furniture that provides storage space for clothes; has a door and rails or hooks for hanging clothes,衣柜；衣橱,foundation,4.0,,,true,20bba4df-8a16-5e63-b73e-951692d95379,false,approved
cc42946e-04e2-5c81-93ff-755711ec1eb3,c3310f75-548c-56f1-b0a5-d30b04078ead,n.,1,an upholstered seat for more than one person,沙发,foundation,4.0,,,true,20bba4df-8a16-5e63-b73e-951692d95379,false,approved
e5eb51fc-589d-5de4-95ef-f69798950514,6edc2e32-b119-547a-a154-5c84db1c0738,n.,1,"large cover, often made of wool, used especially on beds to keep people warm",毯子；毛毯,foundation,4.0,A2,,true,b3335777-dc5f-5448-a777-923e6115c08c,false,approved
a1d71cd6-efc8-56ba-929c-9ccbe0e8a8c8,cd129625-4c58-598d-b550-7c1d225d9a06,n.,1,a cushion to support the head of a sleeping person,枕头,foundation,4.0,,,true,20bba4df-8a16-5e63-b73e-951692d95379,false,approved
1808e73c-bfa8-54fe-887b-5a9968e5ac09,6c0e2959-e901-5c98-aa38-63daa199beaa,n.,1,"a large thick pad filled with resilient material and often incorporating coiled springs, used as a bed or part of a bed",床垫,foundation,4.0,,,true,20bba4df-8a16-5e63-b73e-951692d95379,false,approved
a8ea1c95-01ae-5057-81f8-4409cf602f64,313bc46c-5adc-52d9-94a1-ea25a037017f,n.,1,"small container that is like a bowl in shape, usually with a handle, used for drinking tea, coffee, etc.",杯子,foundation,4.0,A1,,true,b3335777-dc5f-5448-a777-923e6115c08c,false,approved
29c332d7-3a49-5787-9d57-768be089b097,01ceabba-ba56-5378-9fc4-0ee8f44c043b,n.,1,a small container made of glass that is used for drinking,玻璃杯,foundation,4.0,A1,,true,20bba4df-8a16-5e63-b73e-951692d95379,false,approved
76121aaf-3118-575b-b0a2-cb8ef52c2d81,2cdb3814-6b80-5a57-a69b-b66805aa2456,n.,1,"thing that can be seen and touched, but is not alive",物体；物品,foundation,4.0,A1,,true,b3335777-dc5f-5448-a777-923e6115c08c,false,approved
9eae686b-e2ac-52f8-96d4-d2e5211f06d7,f08c5c97-4cd2-5139-af05-d8b46cecba6b,n.,1,"an object whose name you do not use because you do not need to or want to, or because you do not know it",东西；事物,foundation,4.0,A1,,true,b3335777-dc5f-5448-a777-923e6115c08c,false,approved
af2adaf9-f92c-5b26-9316-155cbf59aeb1,e12064bf-98b7-54e6-9ad7-ccefb43f1fba,n.,1,"container made of wood, thick card, metal, etc. with a flat stiff base and sides and often a lid (= cover), used especially for holding solid things",盒子；箱子,foundation,4.0,A1,,true,b3335777-dc5f-5448-a777-923e6115c08c,false,approved
043a44f7-5e86-5d72-8d2a-0be91ec50c2d,084baeff-1bfd-5b0c-a395-97d6d55be018,n.,1,"container made of cloth, leather, plastic or paper, used to carry things in, especially when shopping or travelling",袋子；包,foundation,4.0,A1,,true,b3335777-dc5f-5448-a777-923e6115c08c,false,approved
3d9ca351-58f6-500f-bc0f-4920217bd308,c387e3c1-466e-5244-915f-f54f2660837b,n.,1,"glass or plastic container, usually round with straight sides and a narrow neck, used especially for storing liquids",瓶子,foundation,4.0,A1,,true,b3335777-dc5f-5448-a777-923e6115c08c,false,approved
d72f5974-0fe6-5201-ab69-c00e17c4de24,f0bc7598-2050-5228-81c5-52b74f1fbdd5,n.,1,"sharp blade (= metal edge) with a handle, used for cutting or as a weapon",刀；小刀,foundation,4.0,A2,,true,b3335777-dc5f-5448-a777-923e6115c08c,false,approved
1ce943f7-0587-512d-92c4-d5d3fe7cc08f,7993f2f9-901d-5982-adb7-d060aba31972,n.,1,piece of electrical equipment with a screen on which you can watch programmes with moving pictures and sounds,电视机,foundation,4.0,A1,,true,b3335777-dc5f-5448-a777-923e6115c08c,false,approved
4e31994e-d60f-5cca-bc5c-127665b1691f,c61431d4-d063-50f2-b293-a5b3c3b3c117,n.,1,a shallow container used for cooking or serving food,盘；碟,foundation,4.0,A1,,true,20bba4df-8a16-5e63-b73e-951692d95379,false,approved
5d22e84f-c938-50e7-918c-08315568619f,25e24628-0525-535a-9033-5c0b948cc182,n.,1,"an electronic machine that can store, organize and find information, do processes with numbers and other data, and control other machines",电脑,foundation,4.0,A1,,true,b3335777-dc5f-5448-a777-923e6115c08c,false,approved
bd4498c3-9c24-5711-b706-16a7fef62636,9f70ca98-f480-5c8b-8b1f-3d2fb7039007,n.,1,"flat, usually round, dish that you put food on",盘子,foundation,4.0,A2,,true,b3335777-dc5f-5448-a777-923e6115c08c,false,approved
84d8676f-0cda-5c55-b0a8-7f1ecee97a9b,d734697e-1006-5bcb-a990-d8e821360538,n.,1,piece of equipment for talking to people who are not in the same place as you,电话；手机,foundation,4.0,A1,,true,b3335777-dc5f-5448-a777-923e6115c08c,false,approved
78c5a796-46ad-58bb-b9eb-0a3c35724818,e3177b8d-5e3a-5b92-bb0d-7a27b81824ce,n.,1,"deep round dish with a wide open top, used especially for holding food or liquid",碗,foundation,4.0,A2,,true,b3335777-dc5f-5448-a777-923e6115c08c,false,approved
54397d1c-217e-5203-b81e-a8095a484ad1,1f16d54c-c029-5bc3-b5f9-de9b096055b1,n.,1,"an instrument for measuring and showing time, in a room, on the wall of a building or on a computer screen (not worn or carried like a watch)",时钟,foundation,4.0,A1,,true,b3335777-dc5f-5448-a777-923e6115c08c,false,approved
395628aa-0e09-528d-a863-b4bd1e5bfd5c,e04b2858-289b-57e9-a9c8-32d5863f42bb,n.,1,"piece of cloth or paper used for drying things, especially your body",毛巾,foundation,4.0,A2,,true,b3335777-dc5f-5448-a777-923e6115c08c,false,approved
00f98913-7627-5f23-b9b9-e3e0888b1724,8a7ffd33-6718-5094-b1ce-2a12b725d400,n.,1,"tool that has a handle with a shallow bowl at the end, used for mixing, serving and eating food",勺子；汤匙,foundation,4.0,A2,,true,b3335777-dc5f-5448-a777-923e6115c08c,false,approved
bd6f02e9-0b78-5a58-b189-2e0bafab05f1,064d865d-fe88-5dec-8a42-1fc0b9ab1d27,v.,1,to support the weight of somebody/something and take them or it from place to place; to take somebody/something from one place to another,搬；携带,foundation,4.0,A1,,true,b3335777-dc5f-5448-a777-923e6115c08c,false,approved
14326a65-1325-5f40-bd88-112ca54f0a68,5a312071-3949-57ca-8fce-85dc7e16e0e6,n.,1,"tool with a handle and three or four sharp points (called prongs), used for picking up and eating food",叉子,foundation,4.0,A2,,true,b3335777-dc5f-5448-a777-923e6115c08c,false,approved
b60e3677-eb65-5c4b-b501-c411445a032b,ff847689-fc44-5837-92d0-bc209c98a6a3,n.,1,deep round container used for cooking things in,锅,foundation,4.0,B1,,true,b3335777-dc5f-5448-a777-923e6115c08c,false,approved
38339116-bfe9-5e8a-9ad6-966235b5c0cb,edcf0c9a-573f-5fff-97f2-6754e696b8c8,v.,1,to move something into a particular place or position,放；置于,foundation,4.0,A1,,true,b3335777-dc5f-5448-a777-923e6115c08c,false,approved
186a8908-8616-5f13-be8d-c35fc82d0d40,d983e372-ebfd-5b0a-ab6d-e1e6cf93b269,v.,1,to store something in a particular place or condition,存放；保存,foundation,4.0,A1,,true,b3335777-dc5f-5448-a777-923e6115c08c,false,approved
a9c8a60d-d533-50e6-81ff-208c58e178b5,d4f34d52-0908-50c2-a547-fc46086fe3e7,v.,1,to remove the dirt or dust from something,清洁；打扫,foundation,4.0,A1,,true,b3335777-dc5f-5448-a777-923e6115c08c,false,approved
e41acab7-29ad-5332-a22d-ddd58491371a,a717bda0-aa71-565b-970b-9e0be01e405d,n.,1,a wide metal container used for cooking food,平底锅,foundation,4.0,A2,,true,20bba4df-8a16-5e63-b73e-951692d95379,false,approved
2b3a7d07-e381-5801-9a40-fcf9ca8a3a5f,0c02ad94-9b78-50d4-9278-fc337fde99dd,v.,1,"to move a door, window, lid, etc. into a position that is no longer closed; to get into this position",打开,foundation,4.0,A1,,true,b3335777-dc5f-5448-a777-923e6115c08c,false,approved
1c416ba5-b361-5d7a-a275-00df117c4efa,07f98e2a-5567-5ffd-a60f-e45a879cef1d,n.,1,substance that you use with water for washing your body,肥皂,foundation,4.0,A2,,true,b3335777-dc5f-5448-a777-923e6115c08c,false,approved
2fe546f1-a3ad-51a6-b787-7723b73baaf0,14c576c9-7319-5a42-becc-2ba095eac4c0,n.,1,"an object made of short stiff hairs (called bristles) or wires set in a block of wood or plastic, usually attached to a handle. Brushes are used for many different jobs, such as cleaning, painting and tidying your hair.",刷子,foundation,4.0,A2,,true,b3335777-dc5f-5448-a777-923e6115c08c,false,approved
ed6777b0-b091-5ae9-9c69-efdced3ed10a,20f47393-1f65-5240-a95d-c9ae09d40e23,n.,1,piece of electrical equipment in which food is kept cold so that it stays fresh,冰箱,foundation,4.0,A2,,true,b3335777-dc5f-5448-a777-923e6115c08c,false,approved
b222da87-ad35-5af3-a97b-fe79d711e640,7f99c11e-7bba-54a1-b121-ad98e251189e,v.,1,"to do something with a machine, a method, an object, etc. for a particular purpose",使用,foundation,4.0,A1,,true,b3335777-dc5f-5448-a777-923e6115c08c,false,approved
d5575035-88c6-551e-b8dd-45de6019d133,84e0914a-175b-5507-bbe7-98d8c7e4b046,v.,1,"to require something/somebody because they are essential or very important, not just because you would like to have them",需要,foundation,4.0,A1,,true,b3335777-dc5f-5448-a777-923e6115c08c,false,approved
bc42250d-e9b0-5548-8520-507905032ee7,ea31f02e-a17c-554b-8cd2-fe0b40abb618,n.,1,"liquid without colour, smell or taste that falls as rain, is in lakes, rivers and seas, and is used for drinking, washing, etc.",水,foundation,4.0,A1,,true,b3335777-dc5f-5448-a777-923e6115c08c,false,approved
e1d0b281-bd1d-5357-8c29-6bf28b878198,7e6b2bb1-3a64-591b-9ae5-36903309a56f,v.,1,to make something/somebody clean using water and usually soap,洗；清洗,foundation,4.0,A1,,true,b3335777-dc5f-5448-a777-923e6115c08c,false,approved
d138c02e-250d-5173-81f2-a28ae44637f6,9841fbff-ea14-5f8b-8d80-85930d07cb0c,v.,1,"to prepare food by heating it, for example by boiling, baking or frying it",烹饪；做饭,foundation,4.0,A1,,true,b3335777-dc5f-5448-a777-923e6115c08c,false,approved
5215b60d-5cd3-5a42-a3eb-0a623e84c11f,c776fae1-9f82-5f8a-a445-e37dd3a4c364,n.,1,"the part of a cooker that is like a box with a door on the front, in which food is cooked or heated",烤箱,foundation,4.0,A2,,true,b3335777-dc5f-5448-a777-923e6115c08c,false,approved
6f1fdc81-f614-5260-a096-1c9d093de999,3f354b3c-cb33-585b-953b-bd165b3254f7,v.,1,"to change position or make somebody/something change position in a way that can be seen, heard or felt",移动；搬动,foundation,4.0,A1,,true,b3335777-dc5f-5448-a777-923e6115c08c,false,approved
6d0a7cba-1364-5548-b3aa-3c0d577e9868,071f200f-b1a6-5478-aee0-bf9b280683ac,v.,1,"to have something that belongs to you, especially because you have bought it",拥有,foundation,4.0,A2,,true,b3335777-dc5f-5448-a777-923e6115c08c,false,approved
dc445442-7ec6-5d43-bf3c-6022e778dfcb,9266878e-cd95-564e-ba26-54763d8f6cac,v.,1,"to fix something that is broken, damaged or torn",修理,foundation,4.0,A2,,true,b3335777-dc5f-5448-a777-923e6115c08c,false,approved
81510652-c6de-5075-8fc1-0f2ea93237e3,411b65b0-41cc-58a4-a67e-cda68f8180cd,n.,1,"form of energy from charged elementary particles, usually supplied as electric current through cables, wires, etc. for lighting, heating, driving machines, etc.",电；电力,foundation,4.0,A2,,true,b3335777-dc5f-5448-a777-923e6115c08c,false,approved
b95b0ea1-6fe5-5911-9a67-f26885036a1d,8ae2bebe-efb0-587a-a9c7-4b541c3e1c60,v.,1,to repair or correct something,修理；修好,foundation,4.0,A2,,true,b3335777-dc5f-5448-a777-923e6115c08c,false,approved
f8384550-fef8-5c67-ab11-463e0ad8888d,9137fd80-8ddc-5cfc-b386-2b65c742072a,n.,1,"container for holding or carrying things. Baskets are made of long thin pieces of material that bends and twists easily, for example plastic, wire or wicker.",篮子,foundation,4.0,A2,,true,b3335777-dc5f-5448-a777-923e6115c08c,false,approved
6635203e-9ad1-5faa-a561-4932d0f5c1e3,9dd56963-4091-5cfc-8598-c9328312663a,adj.,1,"making you feel physically relaxed; pleasant to wear, sit on, etc.",舒适的,foundation,4.0,A2,,true,b3335777-dc5f-5448-a777-923e6115c08c,false,approved
c6457a5d-be5a-5773-869a-d3cf856d2e5f,5a288564-bbf5-538d-8a9b-2ca79b8a619a,adj.,1,"protected from any danger, harm or loss",安全的,foundation,4.0,A2,,true,b3335777-dc5f-5448-a777-923e6115c08c,false,approved
4e5508d3-8261-59db-a090-20056046533f,cfa6cc5c-6913-59af-b09e-89a6239d72a2,v.,1,"to pay money to use a home, room, or object for a period of time",租用；租住,foundation,4.0,B1,,true,20bba4df-8a16-5e63-b73e-951692d95379,false,approved
30ebfa46-fded-591b-a067-6c880f089f9b,57e8ebea-ff88-5b5d-a295-e527f0b780ff,n.,1,white goods in which food can be stored at low temperatures,冰箱,foundation,4.0,A2,,true,20bba4df-8a16-5e63-b73e-951692d95379,false,approved
28aec5ee-e0db-58bb-b954-41d155a94b31,0a5202dd-06ae-52ee-afe7-4ad03b389f0b,n.,1,a kitchen appliance with burners used for cooking food,炉灶,foundation,4.0,A2,,true,20bba4df-8a16-5e63-b73e-951692d95379,false,approved
