sense_id,headword,pos,selected_sense_en,definition_en,definition_zh,curriculum_band,cefr_level,vocabulary_role,primary_topic_id,secondary_topics,pronunciation_ipa_us,american_audio_file,ecdict_tags,ecdict_collins,ecdict_bnc_rank,ecdict_frq_rank,source_definition,source_translation,copyright_status,license_review,human_review,review_reason
family_n_1,family,n.,group consisting of one or two parents and their children,group consisting of one or two parents and their children,"家庭, 家人, 族",4.0,A1,foundation,daily_life_people_and_family,,/ˈfæməli/,family_us.mp3,zk gk ielts,5,200,147,OXFORD_REPO,ECDICT,private_study_only,T,T,ECDICT Chinese field contains multiple glosses; select only the target-sense translation.
parent_n_1,parent,n.,person’s father or mother,person’s father or mother,"父母, 父母亲, 根源",4.0,A1,foundation,daily_life_people_and_family,,/ˈperənt/,parent_us.mp3,zk gk ielts,5,494,327,OXFORD_REPO,ECDICT,private_study_only,T,T,ECDICT Chinese field contains multiple glosses; select only the target-sense translation.
mother_n_1,mother,n.,female parent of a child or animal; a person who is acting as a mother to a child,female parent of a child or animal; a person who is acting as a mother to a child,"母亲, 修女院长",4.0,A1,foundation,daily_life_people_and_family,,/ˈmʌðər/,mother_us.mp3,zk gk ielts,5,306,229,OXFORD_REPO,ECDICT,private_study_only,T,T,ECDICT Chinese field contains multiple glosses; select only the target-sense translation.
child_n_1,child,n.,young human who is not yet an adult,young human who is not yet an adult,"孩子, 产物, 追随者",4.0,A1,foundation,daily_life_people_and_family,,/tʃaɪld/,child_us.mp3,zk gk ielts,5,114,115,OXFORD_REPO,ECDICT,private_study_only,T,T,ECDICT Chinese field contains multiple glosses; select only the target-sense translation.
father_n_1,father,n.,male parent of a child or an animal; a person who is acting as the father to a child,male parent of a child or an animal; a person who is acting as the father to a child,"父亲, 祖先, 长辈, 神父, 创始者",4.0,A1,foundation,daily_life_people_and_family,,/ˈfɑːðər/,father_us.mp3,zk gk,5,364,267,OXFORD_REPO,ECDICT,private_study_only,T,T,ECDICT Chinese field contains multiple glosses; select only the target-sense translation.
son_n_1,son,n.,person’s male child,person’s male child,"儿子, 女婿, 子孙",4.0,A1,foundation,daily_life_people_and_family,,/sʌn/,son_us.mp3,zk gk,5,599,481,OXFORD_REPO,ECDICT,private_study_only,T,T,ECDICT Chinese field contains multiple glosses; select only the target-sense translation.
daughter_n_1,daughter,n.,person’s female child,person’s female child,女儿,4.0,A1,foundation,daily_life_people_and_family,,/ˈdɔːtər/,daughter_us.mp3,zk gk,5,871,634,OXFORD_REPO,ECDICT,private_study_only,T,F,
baby_n_1,baby,n.,very young child or animal,very young child or animal,婴孩,4.0,A1,foundation,daily_life_people_and_family,,/ˈbeɪbi/,baby_us.mp3,zk gk,4,869,588,OXFORD_REPO,ECDICT,private_study_only,T,F,
brother_n_1,brother,n.,boy or man who has the same parents as another person,boy or man who has the same parents as another person,兄弟,4.0,A1,foundation,daily_life_people_and_family,,/ˈbrʌðər/,brother_us.mp3,zk gk,5,827,614,OXFORD_REPO,ECDICT,private_study_only,T,F,
dad_n_1,dad,n.,father,father,"爸爸, 爹爹",4.0,A1,foundation,daily_life_people_and_family,,/dæd/,dad_us.mp3,zk,3,1311,1814,OXFORD_REPO,ECDICT,private_study_only,T,T,ECDICT Chinese field contains multiple glosses; select only the target-sense translation.
husband_n_1,husband,n.,the man that somebody is married to; a married man,the man that somebody is married to; a married man,"丈夫, 管理人, 节俭的人",4.0,A1,foundation,daily_life_people_and_family,,/ˈhʌzbənd/,husband_us.mp3,zk gk gre,4,826,637,OXFORD_REPO,ECDICT,private_study_only,T,T,ECDICT Chinese field contains multiple glosses; select only the target-sense translation.
wife_n_1,wife,n.,the woman that somebody is married to; a married woman,the woman that somebody is married to; a married woman,"妻子, 太太, 夫人",4.0,A1,foundation,daily_life_people_and_family,,/waɪf/,wife_us.mp3,zk gk,5,531,466,OXFORD_REPO,ECDICT,private_study_only,T,T,ECDICT Chinese field contains multiple glosses; select only the target-sense translation.
sister_n_1,sister,n.,girl or woman who has the same mother and father as another person,girl or woman who has the same mother and father as another person,"姐妹, 姐, 妹, 护士, 修女",4.0,A1,foundation,daily_life_people_and_family,,/ˈsɪstər/,sister_us.mp3,zk gk,5,1049,823,OXFORD_REPO,ECDICT,private_study_only,T,T,ECDICT Chinese field contains multiple glosses; select only the target-sense translation.
couple_n_1,couple,n.,two people or things,two people or things,"对, 夫妇, 数个",4.0,A2,foundation,daily_life_people_and_family,,/ˈkʌpl/,couple_us.mp3,zk gk cet4 ky toefl,4,727,531,OXFORD_REPO,ECDICT,private_study_only,T,T,ECDICT Chinese field contains multiple glosses; select only the target-sense translation.
married_adj_1,married,adj.,having a husband or wife,having a husband or wife,"已婚的, 婚姻的",4.0,A1,foundation,daily_life_people_and_family,,/ˈmærid/,married_us.mp3,gk cet4 cet6 ky,3,1742,1610,OXFORD_REPO,ECDICT,private_study_only,T,T,ECDICT Chinese field contains multiple glosses; select only the target-sense translation.
adult_n_1,adult,n.,fully grown person who is legally responsible for their actions,fully grown person who is legally responsible for their actions,"成人, 成虫",4.0,A1,foundation,daily_life_people_and_family,,/əˈdʌlt/,adult_us.mp3,gk cet4 ky ielts,4,1236,969,OXFORD_REPO,ECDICT,private_study_only,T,T,ECDICT Chinese field contains multiple glosses; select only the target-sense translation.
person_n_1,person,n.,human as an individual,human as an individual,"人, 人身, 人称",4.0,A1,foundation,daily_life_people_and_family,,/ˈpɜːrsn/,person_us.mp3,zk gk ielts,5,308,345,OXFORD_REPO,ECDICT,private_study_only,T,T,ECDICT Chinese field contains multiple glosses; select only the target-sense translation.
aunt_n_1,aunt,n.,the sister of your father or mother; the wife of your uncle or aunt,the sister of your father or mother; the wife of your uncle or aunt,"阿姨, 姨妈, 舅妈, 姑妈, 伯母",4.0,A1,foundation,daily_life_people_and_family,,/ænt/,aunt_us.mp3,zk gk,4,2569,4166,OXFORD_REPO,ECDICT,private_study_only,T,T,ECDICT Chinese field contains multiple glosses; select only the target-sense translation.
boy_n_1,boy,n.,male child or a young male person,male child or a young male person,男孩,4.0,A1,foundation,daily_life_people_and_family,,/bɔɪ/,boy_us.mp3,zk gk,5,462,382,OXFORD_REPO,ECDICT,private_study_only,T,F,
girl_n_1,girl,n.,female child,female child,"女孩, 少女, 女佣",4.0,A1,foundation,daily_life_people_and_family,,/ɡɜːrl/,girl_us.mp3,zk gk,5,362,363,OXFORD_REPO,ECDICT,private_study_only,T,T,ECDICT Chinese field contains multiple glosses; select only the target-sense translation.
marriage_n_1,marriage,n.,the legal relationship between two people who are married to each other,the legal relationship between two people who are married to each other,"婚姻, 结婚, 婚礼, 合并",4.0,B1,foundation,daily_life_people_and_family,,/ˈmærɪdʒ/,marriage_us.mp3,zk gk cet4 cet6 ky,4,1154,1011,OXFORD_REPO,ECDICT,private_study_only,T,T,ECDICT Chinese field contains multiple glosses; select only the target-sense translation.
uncle_n_1,uncle,n.,the brother of your mother or father; the husband of your aunt or uncle,the brother of your mother or father; the husband of your aunt or uncle,"叔父, 伯父, 姨丈",4.0,A1,foundation,daily_life_people_and_family,,/ˈʌŋkl/,uncle_us.mp3,zk gk,3,2301,3345,OXFORD_REPO,ECDICT,private_study_only,T,T,ECDICT Chinese field contains multiple glosses; select only the target-sense translation.
cousin_n_1,cousin,n.,child of your aunt or uncle,child of your aunt or uncle,"堂兄弟姊妹, 表兄弟姊妹",4.0,A1,foundation,daily_life_people_and_family,,/ˈkʌzn/,cousin_us.mp3,zk gk cet4 cet6 ky,4,3010,2714,OXFORD_REPO,ECDICT,private_study_only,T,T,ECDICT Chinese field contains multiple glosses; select only the target-sense translation.
man_n_1,man,n.,an adult male human,an adult male human,"男人, 人类, 人",4.0,A1,foundation,daily_life_people_and_family,,/mæn/,man_us.mp3,zk gk,5,91,94,OXFORD_REPO,ECDICT,private_study_only,T,T,ECDICT Chinese field contains multiple glosses; select only the target-sense translation.
woman_n_1,woman,n.,an adult female human,an adult female human,"女人, 妇女, 女仆",4.0,A1,foundation,daily_life_people_and_family,,/ˈwʊmən/,woman_us.mp3,zk gk,5,130,111,OXFORD_REPO,ECDICT,private_study_only,T,T,ECDICT Chinese field contains multiple glosses; select only the target-sense translation.
age_n_1,age,n.,the number of years that a person has lived or a thing has existed,the number of years that a person has lived or a thing has existed,"年龄, 老年, 成年, 寿命, 时代, 时期",4.0,A1,foundation,daily_life_people_and_family,,/eɪdʒ/,age_us.mp3,zk gk toefl ielts,5,363,386,OXFORD_REPO,ECDICT,private_study_only,T,T,ECDICT Chinese field contains multiple glosses; select only the target-sense translation.
relative_n_1,relative,n.,person who is in the same family as somebody else,person who is in the same family as somebody else,"亲戚, 关系词",4.0,B1,foundation,daily_life_people_and_family,,/ˈrelətɪv/,relative_us.mp3,gk cet4 cet6 ky,3,2255,2428,OXFORD_REPO,ECDICT,private_study_only,T,T,ECDICT Chinese field contains multiple glosses; select only the target-sense translation.
grandmother_n_1,grandmother,n.,the mother of your father or mother,the mother of your father or mother,"祖母, 女祖先",4.0,A1,foundation,daily_life_people_and_family,,/ˈɡrænmʌðər/,grandmother_us.mp3,zk cet4 cet6 ky,2,4338,2495,OXFORD_REPO,ECDICT,private_study_only,T,T,ECDICT Chinese field contains multiple glosses; select only the target-sense translation.
people_n_1,people,n.,"human beings; men, women and children","human beings; men, women and children","人, 人民, 民族, 平民",4.0,A1,foundation,daily_life_people_and_family,,/ˈpiːpl/,people_us.mp3,zk gk,5,75,62,OXFORD_REPO,ECDICT,private_study_only,T,T,ECDICT Chinese field contains multiple glosses; select only the target-sense translation.
grandfather_n_1,grandfather,n.,the father of your father or mother,the father of your father or mother,"祖父, 始祖",4.0,A1,foundation,daily_life_people_and_family,,/ˈɡrænfɑːðər/,grandfather_us.mp3,zk cet4 cet6,2,4184,2950,OXFORD_REPO,ECDICT,private_study_only,T,T,ECDICT Chinese field contains multiple glosses; select only the target-sense translation.
friend_n_1,friend,n.,"person you know well and like, and who is not usually a member of your family","person you know well and like, and who is not usually a member of your family","朋友, 支持者, 赞助者",4.0,A1,foundation,daily_life_people_and_family,,/frend/,friend_us.mp3,zk gk,5,281,265,OXFORD_REPO,ECDICT,private_study_only,T,T,ECDICT Chinese field contains multiple glosses; select only the target-sense translation.
kid_n_1,kid,n.,child or young person,child or young person,"小山羊, 小山羊肉, 小孩, 欺骗",4.0,A2,foundation,daily_life_people_and_family,,/kɪd/,kid_us.mp3,zk gk cet4 ky,4,1572,312,OXFORD_REPO,ECDICT,private_study_only,T,T,ECDICT Chinese field contains multiple glosses; select only the target-sense translation.
mom_n_1,mom,n.,informal terms for a mother,informal terms for a mother,妈妈,4.0,,foundation,daily_life_people_and_family,,mʌm,,zk,2,13335,1609,ECDICT,ECDICT,mit_dataset,F,T,Oxford entry missing; definition/IPA use ECDICT fallback. | Multiple or mismatched POS/sense candidates.
name_n_1,name,n.,"word or words that a particular person, animal, place or thing is known by","word or words that a particular person, animal, place or thing is known by","名字, 名称, 姓名, 名义, 名誉, 文件名",4.0,A1,foundation,daily_life_people_and_family,,/neɪm/,name_us.mp3,zk gk,5,271,298,OXFORD_REPO,ECDICT,private_study_only,T,T,ECDICT Chinese field contains multiple glosses; select only the target-sense translation.
young_adj_1,young,adj.,having lived or existed for only a short time; not fully developed,having lived or existed for only a short time; not fully developed,"年轻的, 无经验的, 朝气蓬勃的",4.0,A1,foundation,daily_life_people_and_family,,/jʌŋ/,young_us.mp3,zk gk,5,228,234,OXFORD_REPO,ECDICT,private_study_only,T,T,ECDICT Chinese field contains multiple glosses; select only the target-sense translation.
grandparent_n_1,grandparent,n.,the father or mother of your father or mother,the father or mother of your father or mother,祖父母,4.0,A1,foundation,daily_life_people_and_family,,/ˈɡrænperənt/,grandparent_us.mp3,zk,1,7634,4679,OXFORD_REPO,ECDICT,private_study_only,T,F,
old_adj_1,old,adj.,of a particular age,of a particular age,"老的, 旧的, 古老的, 年长的, 老练的",4.0,A1,foundation,daily_life_people_and_family,,/əʊld/,old_us.mp3,zk gk,5,126,152,OXFORD_REPO,ECDICT,private_study_only,T,T,ECDICT Chinese field contains multiple glosses; select only the target-sense translation.
partner_n_1,partner,n.,"person that you are doing an activity with, such as dancing or playing a game","person that you are doing an activity with, such as dancing or playing a game","合伙人, 股东, 伙伴, 伴侣",4.0,A1,foundation,daily_life_people_and_family,,/ˈpɑːrtnər/,partner_us.mp3,gk cet4 cet6 ky,4,1144,1048,OXFORD_REPO,ECDICT,private_study_only,T,T,ECDICT Chinese field contains multiple glosses; select only the target-sense translation.
teenager_n_1,teenager,n.,person who is between 13 and 19 years old,person who is between 13 and 19 years old,十三岁到十九岁的少年,4.0,A1,foundation,daily_life_people_and_family,,/ˈtiːneɪdʒər/,teenager_us.mp3,gk cet4 cet6 ky,3,3812,2440,OXFORD_REPO,ECDICT,private_study_only,T,F,
twin_n_1,twin,n.,one of two children born at the same time to the same mother,one of two children born at the same time to the same mother,"双胞胎中一人, 一对非常相像的人(或物)中的一个",4.0,A2,foundation,daily_life_people_and_family,,/twɪn/,twin_us.mp3,gk cet4 cet6 ky,3,2884,2376,OXFORD_REPO,ECDICT,private_study_only,T,T,ECDICT Chinese field contains multiple glosses; select only the target-sense translation.
grandson_n_1,grandson,n.,a male grandchild,a male grandchild,"孙子, 外孙",4.0,,foundation,daily_life_people_and_family,,'grændsʌn,,zk gk cet4 cet6,1,6942,6641,ECDICT,ECDICT,mit_dataset,F,T,Oxford entry missing; definition/IPA use ECDICT fallback. | Multiple or mismatched POS/sense candidates. | ECDICT Chinese field contains multiple glosses; select only the target-sense translation.
granddaughter_n_1,granddaughter,n.,a female grandchild,a female grandchild,"孙女, 外孙女",4.0,,foundation,daily_life_people_and_family,,'^rændɔ:tә(r),,zk gk cet4 cet6,1,11766,8528,ECDICT,ECDICT,mit_dataset,F,T,Oxford entry missing; definition/IPA use ECDICT fallback. | Multiple or mismatched POS/sense candidates. | ECDICT Chinese field contains multiple glosses; select only the target-sense translation.
nephew_n_1,nephew,n.,a son of your brother or sister,a son of your brother or sister,"侄子, 外甥",4.0,A2,foundation,daily_life_people_and_family,,'nefju:,,gk cet4 cet6 ky,1,6440,6362,ECDICT,ECDICT,mit_dataset,F,T,Curriculum CEFR estimate overrides unreliable/missing source level. | Oxford entry missing; definition/IPA use ECDICT fallback. | Multiple or mismatched POS/sense candidates. | ECDICT Chinese field contains multiple glosses; select only the target-sense translation.
neighbor_n_1,neighbor,n.,a person who lives (or is located) near another,a person who lives (or is located) near another,邻居,4.0,,foundation,daily_life_people_and_family,,'neibә,,ky toefl,,0,1424,ECDICT,ECDICT,mit_dataset,F,T,Oxford entry missing; definition/IPA use ECDICT fallback. | Multiple or mismatched POS/sense candidates.
niece_n_1,niece,n.,a daughter of your brother or sister,a daughter of your brother or sister,"侄女, 甥女",4.0,A2,foundation,daily_life_people_and_family,,ni:s,,gk cet4 cet6 ky,1,7967,7475,ECDICT,ECDICT,mit_dataset,F,T,Curriculum CEFR estimate overrides unreliable/missing source level. | Oxford entry missing; definition/IPA use ECDICT fallback. | Multiple or mismatched POS/sense candidates. | ECDICT Chinese field contains multiple glosses; select only the target-sense translation.
short_adj_1,short,adj.,"measuring or covering a small length or distance, or a smaller length or distance than usual","measuring or covering a small length or distance, or a smaller length or distance than usual","短的, 近的, 矮的, 短期的, 简短的, 少量的",4.0,A1,foundation,daily_life_people_and_family,,/ʃɔːrt/,short_us.mp3,zk gk ielts,2,500,627,OXFORD_REPO,ECDICT,private_study_only,T,T,ECDICT Chinese field contains multiple glosses; select only the target-sense translation.
grow_v_1,grow,v.,"to increase in size, number, strength or quality","to increase in size, number, strength or quality","种植, 使长满",4.0,A1,foundation,daily_life_people_and_family,,/ɡrəʊ/,grow_us.mp3,zk gk,5,524,353,OXFORD_REPO,ECDICT,private_study_only,T,T,ECDICT Chinese field contains multiple glosses; select only the target-sense translation.
birth_n_1,birth,n.,the time when a baby is born; the process of being born,the time when a baby is born; the process of being born,"出生, 起源",4.0,A2,foundation,daily_life_people_and_family,,/bɜːrθ/,birth_us.mp3,zk gk cet4 ky ielts,3,1590,1499,OXFORD_REPO,ECDICT,private_study_only,T,T,ECDICT Chinese field contains multiple glosses; select only the target-sense translation.
heavy_adj_1,heavy,adj.,weighing a lot; difficult to lift or move,weighing a lot; difficult to lift or move,"重的, 巨大的, 沉重的, 笨重的, 过度的",4.0,A2,foundation,daily_life_people_and_family,,/ˈhevi/,heavy_us.mp3,zk gk ielts,4,943,1005,OXFORD_REPO,ECDICT,private_study_only,T,T,ECDICT Chinese field contains multiple glosses; select only the target-sense translation.
strong_adj_1,strong,adj.,"having a lot of physical power so that you can lift heavy weights, do hard physical work, etc.","having a lot of physical power so that you can lift heavy weights, do hard physical work, etc.","强壮的, 坚固的, 坚强的, 强烈的, 有力的, 优良的",4.0,A1,foundation,daily_life_people_and_family,,/strɔːŋ/,strong_us.mp3,zk gk,5,506,458,OXFORD_REPO,ECDICT,private_study_only,T,T,ECDICT Chinese field contains multiple glosses; select only the target-sense translation.
height_n_1,height,n.,the measurement of how tall a person or thing is,the measurement of how tall a person or thing is,"高度, 海拔, 高地, 顶点",4.0,A2,foundation,daily_life_people_and_family,,/haɪt/,height_us.mp3,zk gk cet4 cet6 ky toefl ielts,3,1913,2040,OXFORD_REPO,ECDICT,private_study_only,T,T,ECDICT Chinese field contains multiple glosses; select only the target-sense translation.
face_n_1,face,n.,"the front part of the head, where the eyes, nose and mouth are","the front part of the head, where the eyes, nose and mouth are","脸, 面容, 正面, 外观",4.0,A1,foundation,daily_life_people_and_family,,/feɪs/,face_us.mp3,zk gk toefl ielts,5,282,330,OXFORD_REPO,ECDICT,private_study_only,T,T,ECDICT Chinese field contains multiple glosses; select only the target-sense translation.
beautiful_adj_1,beautiful,adj.,having beauty; giving pleasure to the senses or to the mind,having beauty; giving pleasure to the senses or to the mind,美丽的,4.0,A1,foundation,daily_life_people_and_family,,/ˈbjuːtɪfl/,beautiful_us.mp3,zk gk ielts,4,1161,992,OXFORD_REPO,ECDICT,private_study_only,T,F,
youth_n_1,youth,n.,"the time of life when a person is young, especially the time before a child becomes an adult","the time of life when a person is young, especially the time before a child becomes an adult","年轻, 青年时代, 青年们, 青春",4.0,B1,foundation,daily_life_people_and_family,,/juːθ/,youth_us.mp3,gk cet4 cet6 ky ielts,4,1508,1397,OXFORD_REPO,ECDICT,private_study_only,T,T,ECDICT Chinese field contains multiple glosses; select only the target-sense translation.
eye_n_1,eye,n.,either of the two organs on the face that you see with,either of the two organs on the face that you see with,"眼睛, 视力, 看",4.0,A1,foundation,daily_life_people_and_family,,/aɪ/,eye_us.mp3,zk gk ielts,5,219,242,OXFORD_REPO,ECDICT,private_study_only,T,T,ECDICT Chinese field contains multiple glosses; select only the target-sense translation.
tall_adj_1,tall,adj.,having a greater than average height,having a greater than average height,"高的, 长的, 夸大的",4.0,A1,foundation,daily_life_people_and_family,,/tɔːl/,tall_us.mp3,zk gk,3,1757,1524,OXFORD_REPO,ECDICT,private_study_only,T,T,ECDICT Chinese field contains multiple glosses; select only the target-sense translation.
born_v_1,born,adj.,brought into life by birth,brought into life by birth,出生的；天生的,4.0,A1,foundation,daily_life_people_and_family,,/bɔːrn/,born_us.mp3,zk gk cet4 ky,4,1206,1088,CURATED_FROM_SOURCES,ECDICT,private_study_only,T,T,Human-selected adjective sense used in the pattern 'be born'. | Multiple or mismatched POS/sense candidates. | ECDICT Chinese field contains multiple glosses; select only the target-sense translation.
hair_n_1,hair,n.,the substance that looks like a mass of fine threads growing on a person's head,the substance that looks like a mass of fine threads growing on a person's head,"头发, 毛发, 些微",4.0,A1,foundation,daily_life_people_and_family,,/her/,hair_us.mp3,zk gk,4,668,602,OXFORD_REPO,ECDICT,private_study_only,T,T,ECDICT Chinese field contains multiple glosses; select only the target-sense translation.
pretty_adj_1,pretty,adj.,attractive without being very beautiful,attractive without being very beautiful,"漂亮的, 优美的, 机灵的, 狡猾的, 恰当的",4.0,A1,foundation,daily_life_people_and_family,,/ˈprɪti/,pretty_us.mp3,zk gk cet4 cet6 ky,4,1782,797,OXFORD_REPO,ECDICT,private_study_only,T,T,ECDICT Chinese field contains multiple glosses; select only the target-sense translation.
thin_adj_1,thin,adj.,having a smaller distance between opposite sides or surfaces than other similar objects or than normal,having a smaller distance between opposite sides or surfaces than other similar objects or than normal,"薄的, 细的, 瘦的, 稀疏的, 稀薄的, 淡的, 弱的, 空洞的",4.0,A2,foundation,daily_life_people_and_family,,/θɪn/,thin_us.mp3,zk gk toefl,3,1670,1621,OXFORD_REPO,ECDICT,private_study_only,T,T,ECDICT Chinese field contains multiple glosses; select only the target-sense translation.
healthy_adj_1,healthy,adj.,having good health and not likely to become ill,having good health and not likely to become ill,"健康的, 有益健康的, 卫生的",4.0,A1,foundation,daily_life_people_and_family,,/ˈhelθi/,healthy_us.mp3,zk gk,3,2199,1468,OXFORD_REPO,ECDICT,private_study_only,T,T,ECDICT Chinese field contains multiple glosses; select only the target-sense translation.
weak_adj_1,weak,adj.,not physically strong,not physically strong,"不牢固的, 弱的, 虚弱的, 软弱的, 无力的, 无权力的, (论据等)不充分的",4.0,A2,foundation,daily_life_people_and_family,,/wiːk/,weak_us.mp3,zk gk cet4 cet6 ky,4,1990,2070,OXFORD_REPO,ECDICT,private_study_only,T,T,ECDICT Chinese field contains multiple glosses; select only the target-sense translation.
hand_n_1,hand,n.,"the part of the body at the end of the arm, including the fingers and thumb","the part of the body at the end of the arm, including the fingers and thumb","手, 爪, 指针, 掌握, 协助, 人手, 手艺, 手迹, 支配, 插手",4.0,A1,foundation,daily_life_people_and_family,,/hænd/,hand_us.mp3,zk gk ielts,4,163,174,OXFORD_REPO,ECDICT,private_study_only,T,T,ECDICT Chinese field contains multiple glosses; select only the target-sense translation.
foot_n_1,foot,n.,"the lowest part of the leg, below the ankle, on which a person or an animal stands","the lowest part of the leg, below the ankle, on which a person or an animal stands","脚, 步调, 英尺, 底部, 末尾, 步兵",4.0,A1,foundation,daily_life_people_and_family,,/fʊt/,foot_us.mp3,zk gk ielts,5,459,380,OXFORD_REPO,ECDICT,private_study_only,T,T,ECDICT Chinese field contains multiple glosses; select only the target-sense translation.
head_n_1,head,n.,"the part of the body on top of the neck containing the eyes, nose, mouth and brain","the part of the body on top of the neck containing the eyes, nose, mouth and brain","头, 头脑, 领袖, 脑袋, 最前的部分",4.0,A1,foundation,daily_life_people_and_family,,/hed/,head_us.mp3,zk gk toefl,5,209,251,OXFORD_REPO,ECDICT,private_study_only,T,T,ECDICT Chinese field contains multiple glosses; select only the target-sense translation.
body_n_1,body,n.,the whole physical structure of a human or an animal,the whole physical structure of a human or an animal,"身体, 人, 尸体, 主要部分, 团体",4.0,A1,foundation,daily_life_people_and_family,,/ˈbɑːdi/,body_us.mp3,zk,5,274,313,OXFORD_REPO,ECDICT,private_study_only,T,T,ECDICT Chinese field contains multiple glosses; select only the target-sense translation.
arm_n_1,arm,n.,either of the two long parts that stick out from the top of the body and connect the shoulders to the hands,either of the two long parts that stick out from the top of the body and connect the shoulders to the hands,"手臂, 袖子, 狭长港湾, 武器",4.0,A1,foundation,daily_life_people_and_family,,/ɑːrm/,arm_us.mp3,zk gk,5,491,491,OXFORD_REPO,ECDICT,private_study_only,T,T,ECDICT Chinese field contains multiple glosses; select only the target-sense translation.
nose_n_1,nose,n.,"the part of the face that sticks out above the mouth, used for breathing and smelling things","the part of the face that sticks out above the mouth, used for breathing and smelling things","鼻子, 突出部分, 嗅觉",4.0,A1,foundation,daily_life_people_and_family,,/nəʊz/,nose_us.mp3,zk gk,3,1887,1735,OXFORD_REPO,ECDICT,private_study_only,T,T,ECDICT Chinese field contains multiple glosses; select only the target-sense translation.
mouth_n_1,mouth,n.,"the opening in the face used for speaking, eating, etc.; the area inside the head behind this opening","the opening in the face used for speaking, eating, etc.; the area inside the head behind this opening","嘴, 口, 口腔, 口状物",4.0,A1,foundation,daily_life_people_and_family,,/maʊθ/,mouth_us.mp3,zk gk toefl,4,1011,1060,OXFORD_REPO,ECDICT,private_study_only,T,T,ECDICT Chinese field contains multiple glosses; select only the target-sense translation.
childhood_n_1,childhood,n.,the period of somebody’s life when they are a child,the period of somebody’s life when they are a child,孩童时期,4.0,B1,foundation,daily_life_people_and_family,,/ˈtʃaɪldhʊd/,childhood_us.mp3,gk cet4 ky,3,2746,2107,OXFORD_REPO,ECDICT,private_study_only,T,F,
skin_n_1,skin,n.,the layer of tissue that covers the body,the layer of tissue that covers the body,"皮肤, 皮",4.0,A2,foundation,daily_life_people_and_family,,/skɪn/,skin_us.mp3,gk cet4 cet6 ky ielts,4,1289,1019,OXFORD_REPO,ECDICT,private_study_only,T,T,ECDICT Chinese field contains multiple glosses; select only the target-sense translation.
ear_n_1,ear,n.,either of the organs on the sides of the head that you hear with,either of the organs on the sides of the head that you hear with,"耳朵, 倾听, 听觉, 穗",4.0,A1,foundation,daily_life_people_and_family,,/ɪr/,ear_us.mp3,zk gk,3,1599,1337,OXFORD_REPO,ECDICT,private_study_only,T,T,ECDICT Chinese field contains multiple glosses; select only the target-sense translation.
leg_n_1,leg,n.,one of the long parts that connect the feet to the rest of the body,one of the long parts that connect the feet to the rest of the body,"腿, 假腿, 路程",4.0,A1,foundation,daily_life_people_and_family,,/leɡ/,leg_us.mp3,zk gk,4,851,856,OXFORD_REPO,ECDICT,private_study_only,T,T,ECDICT Chinese field contains multiple glosses; select only the target-sense translation.
tooth_n_1,tooth,n.,any of the hard white structures in the mouth used for biting food,any of the hard white structures in the mouth used for biting food,"牙齿, 齿状物, 爱好",4.0,A1,foundation,daily_life_people_and_family,,/tuːθ/,tooth_us.mp3,zk gk,3,1747,1854,OXFORD_REPO,ECDICT,private_study_only,T,T,ECDICT Chinese field contains multiple glosses; select only the target-sense translation.
single_adj_1,single,adj.,only one,only one,"单身的, 单程的, 单一的, 个别的, 孤独的, 专一的",4.0,A2,foundation,daily_life_people_and_family,,/ˈsɪŋɡl/,single_us.mp3,zk gk ielts,5,569,632,OXFORD_REPO,ECDICT,private_study_only,T,T,ECDICT Chinese field contains multiple glosses; select only the target-sense translation.
look_n_1,look,n.,a person's appearance or the expression on their face,a person's appearance or the expression on their face,外表；神情,4.0,A2,foundation,daily_life_people_and_family,,/lʊk/,look_us.mp3,zk gk,5,82,85,CURATED_FROM_SOURCES,ECDICT,private_study_only,T,T,Human-selected appearance sense for personal description. | Polysemous word; confirm selected sense boundary. | ECDICT Chinese field contains multiple glosses; select only the target-sense translation.
laugh_v_1,laugh,v.,to make the sounds and movements of your face that show you think something is funny or silly,to make the sounds and movements of your face that show you think something is funny or silly,"笑, 大笑",4.0,A1,foundation,daily_life_people_and_family,,/læf/,laugh_us.mp3,zk gk,5,1021,861,OXFORD_REPO,ECDICT,private_study_only,T,T,ECDICT Chinese field contains multiple glosses; select only the target-sense translation.
voice_n_1,voice,n.,the sound or sounds produced through the mouth by a person speaking or singing,the sound or sounds produced through the mouth by a person speaking or singing,"声音, 嗓音, 嗓子, 愿望, 发言权, 表达, 喉舌, 语态",4.0,A2,foundation,daily_life_people_and_family,,/vɔɪs/,voice_us.mp3,zk gk cet4 cet6 ky,4,487,465,OXFORD_REPO,ECDICT,private_study_only,T,T,ECDICT Chinese field contains multiple glosses; select only the target-sense translation.
smile_v_1,smile,v.,to make a smile appear on your face,to make a smile appear on your face,"微笑, 觉得好笑",4.0,A2,foundation,daily_life_people_and_family,,/smaɪl/,smile_us.mp3,zk gk,4,892,1068,OXFORD_REPO,ECDICT,private_study_only,T,T,ECDICT Chinese field contains multiple glosses; select only the target-sense translation.
appearance_n_1,appearance,n.,the way that somebody/something looks on the outside; what somebody/something seems to be,the way that somebody/something looks on the outside; what somebody/something seems to be,"出现, 露面, 外观, 外表, 出版",4.0,A2,foundation,daily_life_people_and_family,,/əˈpɪrəns/,appearance_us.mp3,gk cet4 ky ielts,4,1435,1684,OXFORD_REPO,ECDICT,private_study_only,T,T,ECDICT Chinese field contains multiple glosses; select only the target-sense translation.
dead_adj_1,dead,adj.,no longer alive,no longer alive,"死的, 不活泼的, 麻木的, 熄灭的",4.0,A2,foundation,daily_life_people_and_family,,/ded/,dead_us.mp3,zk gk toefl,4,877,726,OXFORD_REPO,ECDICT,private_study_only,T,T,ECDICT Chinese field contains multiple glosses; select only the target-sense translation.
male_adj_1,male,adj.,being a man or boy,being a man or boy,"男性的, 雄性的, 有力的",4.0,A2,foundation,daily_life_people_and_family,,/meɪl/,male_us.mp3,gk cet4 ky ielts,4,1126,1530,OXFORD_REPO,ECDICT,private_study_only,T,T,ECDICT Chinese field contains multiple glosses; select only the target-sense translation.
female_adj_1,female,adj.,being a woman or a girl,being a woman or a girl,"女性的, 女子的",4.0,A2,foundation,daily_life_people_and_family,,/ˈfiːmeɪl/,female_us.mp3,gk cet4 cet6 ky ielts,4,1563,1396,OXFORD_REPO,ECDICT,private_study_only,T,T,ECDICT Chinese field contains multiple glosses; select only the target-sense translation.
cute_adj_1,cute,adj.,pretty and attractive,pretty and attractive,"可爱的, 聪明的, 伶俐的",4.0,A2,foundation,daily_life_people_and_family,,/kjuːt/,cute_us.mp3,ielts,1,11929,4345,OXFORD_REPO,ECDICT,private_study_only,T,T,Curriculum CEFR estimate overrides unreliable/missing source level. | ECDICT Chinese field contains multiple glosses; select only the target-sense translation.
alive_adj_1,alive,adj.,living; not dead,living; not dead,"活着的, 活泼的, 敏感的, 热闹的",4.0,A2,foundation,daily_life_people_and_family,,/əˈlaɪv/,alive_us.mp3,zk gk cet4 cet6 ky,3,2080,1532,OXFORD_REPO,ECDICT,private_study_only,T,T,ECDICT Chinese field contains multiple glosses; select only the target-sense translation.
handsome_adj_1,handsome,adj.,pleasing in appearance especially by reason of conformity to ideals of form and proportion,pleasing in appearance especially by reason of conformity to ideals of form and proportion,"英俊的, 大方的, 慷慨的, 相当可观的, 美观的, 灵敏的",4.0,,foundation,daily_life_people_and_family,,'hænsәm,,zk gk cet4 cet6 ky ielts,2,4033,3838,ECDICT,ECDICT,mit_dataset,F,T,Oxford entry missing; definition/IPA use ECDICT fallback. | Multiple or mismatched POS/sense candidates. | ECDICT Chinese field contains multiple glosses; select only the target-sense translation.
elderly_adj_1,elderly,adj.,used as a polite word for ‘old’,used as a polite word for ‘old’,"过了中年的, 稍老的",4.0,B1,general_ielts,daily_life_people_and_family,,/ˈeldərli/,elderly_us.mp3,cet4 ky ielts,3,1837,2907,OXFORD_REPO,ECDICT,private_study_only,T,T,Curriculum CEFR estimate overrides unreliable/missing source level. | ECDICT Chinese field contains multiple glosses; select only the target-sense translation.
pregnant_adj_1,pregnant,adj.,having a baby or young animal developing inside her/its body,having a baby or young animal developing inside her/its body,"怀孕的, 充满的, 思想丰富的, 成果丰硕的",4.0,B1,foundation,daily_life_people_and_family,,/ˈpreɡnənt/,pregnant_us.mp3,gk cet6 ky toefl ielts gre,3,3276,2629,OXFORD_REPO,ECDICT,private_study_only,T,T,Curriculum CEFR estimate overrides unreliable/missing source level. | ECDICT Chinese field contains multiple glosses; select only the target-sense translation.
beard_n_1,beard,n.,the hair growing on the lower part of a man's face,the hair growing on the lower part of a man's face,胡须,4.0,A2,foundation,daily_life_people_and_family,,biәd,,gk cet4 ky toefl ielts,2,5605,4690,ECDICT,ECDICT,mit_dataset,F,T,Curriculum CEFR estimate overrides unreliable/missing source level. | Oxford entry missing; definition/IPA use ECDICT fallback. | Multiple or mismatched POS/sense candidates.
slim_adj_1,slim,adj.,thin in an attractive or healthy-looking way,thin in an attractive or healthy-looking way,苗条的,4.0,A2,foundation,daily_life_people_and_family,,slim,,gk cet6 ky toefl ielts,3,4710,5312,CURATED_FROM_SOURCES,ECDICT,mit_dataset,F,T,AI-assisted adjective sense from ECDICT coverage; verify manually. | Curriculum CEFR estimate overrides unreliable/missing source level. | Oxford entry missing; definition/IPA use ECDICT fallback. | Multiple or mismatched POS/sense candidates.
care_v_1,care,v.,to feel that something is important and worth worrying about,to feel that something is important and worth worrying about,"关心, 介意",4.0,A2,foundation,daily_life_people_and_family,,/ker/,care_us.mp3,zk gk ielts,5,505,434,OXFORD_REPO,ECDICT,private_study_only,T,T,ECDICT Chinese field contains multiple glosses; select only the target-sense translation.
support_v_1,support,v.,"to help someone emotionally, practically, or financially","to help someone emotionally, practically, or financially",支持；帮助；供养,4.0,A2,foundation,daily_life_people_and_family,,/səˈpɔːrt/,support_us.mp3,gk cet4 cet6 ky ielts,5,481,524,CURATED_FROM_SOURCES,ECDICT,private_study_only,T,T,Human-selected family-help sense. | Polysemous word; confirm selected sense boundary. | ECDICT Chinese field contains multiple glosses; select only the target-sense translation.
love_v_1,love,v.,to have very strong feelings of liking and caring for somebody,to have very strong feelings of liking and caring for somebody,"爱, 爱好, 爱慕",4.0,A1,foundation,daily_life_people_and_family,,/lʌv/,love_us.mp3,zk gk,5,670,390,OXFORD_REPO,ECDICT,private_study_only,T,T,ECDICT Chinese field contains multiple glosses; select only the target-sense translation.
help_v_1,help,v.,to make it easier or possible for somebody to do something by doing something for them or by giving them something that they need,to make it easier or possible for somebody to do something by doing something for them or by giving them something that they need,"帮助, 帮忙, 接济, 治疗, 款待",4.0,A1,foundation,daily_life_people_and_family,,/help/,help_us.mp3,zk gk,5,204,167,OXFORD_REPO,ECDICT,private_study_only,T,T,ECDICT Chinese field contains multiple glosses; select only the target-sense translation.
live_v_1,live,v.,to have your home in a particular place,to have your home in a particular place,"活, 生存, 居住",4.0,A1,foundation,daily_life_people_and_family,,/lɪv/,live_us.mp3,zk gk ielts,3,267,210,OXFORD_REPO,ECDICT,private_study_only,T,T,ECDICT Chinese field contains multiple glosses; select only the target-sense translation.
share_v_1,share,v.,"to have, use or experience something at the same time as somebody else","to have, use or experience something at the same time as somebody else","均分, 分担, 分享, 分配, 共有",4.0,A1,foundation,daily_life_people_and_family,,/ʃer/,share_us.mp3,zk gk cet4 cet6 ky,5,620,711,OXFORD_REPO,ECDICT,private_study_only,T,T,ECDICT Chinese field contains multiple glosses; select only the target-sense translation.
visit_v_1,visit,v.,to go to see a person or a place for a period of time,to go to see a person or a place for a period of time,"拜访, 访问, 参观, 视察, 降临",4.0,A1,foundation,daily_life_people_and_family,,/ˈvɪzɪt/,visit_us.mp3,zk gk,5,867,905,OXFORD_REPO,ECDICT,private_study_only,T,T,ECDICT Chinese field contains multiple glosses; select only the target-sense translation.
meet_v_1,meet,v.,to be in the same place as somebody by chance and talk to them,to be in the same place as somebody by chance and talk to them,"遇见, 引见, 认识, 满足, 对付",4.0,A1,foundation,daily_life_people_and_family,,/miːt/,meet_us.mp3,zk gk gre,5,259,288,OXFORD_REPO,ECDICT,private_study_only,T,T,ECDICT Chinese field contains multiple glosses; select only the target-sense translation.
relationship_n_1,relationship,n.,"the way in which two people, groups or countries behave towards each other or deal with each other","the way in which two people, groups or countries behave towards each other or deal with each other","关系, 关联",4.0,A2,foundation,daily_life_people_and_family,,/rɪˈleɪʃnʃɪp/,relationship_us.mp3,gk cet4 cet6 ky ielts,4,532,486,OXFORD_REPO,ECDICT,private_study_only,T,T,ECDICT Chinese field contains multiple glosses; select only the target-sense translation.
remember_v_1,remember,v.,"to have or keep an image in your memory of an event, a person, a place, etc. from the past","to have or keep an image in your memory of an event, a person, a place, etc. from the past","记得, 回忆起, 记住, 铭记, 纪念",4.0,A1,foundation,daily_life_people_and_family,,/rɪˈmembər/,remember_us.mp3,zk gk,5,346,379,OXFORD_REPO,ECDICT,private_study_only,T,T,ECDICT Chinese field contains multiple glosses; select only the target-sense translation.
know_v_1,know,v.,to have information in your mind as a result of experience or because you have learned or been told it,to have information in your mind as a result of experience or because you have learned or been told it,"知道, 了解, 认识, 确信",4.0,A1,foundation,daily_life_people_and_family,,/nəʊ/,know_us.mp3,zk gk,3,49,47,OXFORD_REPO,ECDICT,private_study_only,T,T,ECDICT Chinese field contains multiple glosses; select only the target-sense translation.
nice_adj_1,nice,adj.,pleasant or attractive,pleasant or attractive,"美好的, 和蔼的, 正派的, 做得好的, 精密的, 细微的, 挑剔的, 谨慎的",4.0,A1,foundation,daily_life_people_and_family,,/naɪs/,nice_us.mp3,zk gk gre,4,750,897,OXFORD_REPO,ECDICT,private_study_only,T,T,ECDICT Chinese field contains multiple glosses; select only the target-sense translation.
kind_adj_1,kind,adj.,"caring about others; gentle, friendly and generous","caring about others; gentle, friendly and generous","亲切的, 仁慈的, 和蔼的",4.0,B1,foundation,daily_life_people_and_family,,/kaɪnd/,kind_us.mp3,zk gk,2,337,250,OXFORD_REPO,ECDICT,private_study_only,T,T,ECDICT Chinese field contains multiple glosses; select only the target-sense translation.
respect_v_1,respect,v.,to have a very good opinion of somebody/something; to admire somebody/something,to have a very good opinion of somebody/something; to admire somebody/something,"尊敬, 注意, 遵守",4.0,B1,foundation,daily_life_people_and_family,,/rɪˈspekt/,respect_us.mp3,gk cet4 cet6 ky toefl,4,1476,1554,OXFORD_REPO,ECDICT,private_study_only,T,T,ECDICT Chinese field contains multiple glosses; select only the target-sense translation.
culture_n_1,culture,n.,"the customs and beliefs, art, way of life and social organization of a particular country or group","the customs and beliefs, art, way of life and social organization of a particular country or group","文化, 修养, 耕种",4.0,A1,general_ielts,daily_life_people_and_family,,/ˈkʌltʃər/,culture_us.mp3,zk gk cet4 cet6 ky toefl ielts,4,983,611,OXFORD_REPO,ECDICT,private_study_only,T,T,ECDICT Chinese field contains multiple glosses; select only the target-sense translation.
friendly_adj_1,friendly,adj.,behaving in a kind and pleasant way because you like somebody or want to help them,behaving in a kind and pleasant way because you like somebody or want to help them,"友好的, 亲切的, 互助的",4.0,A1,foundation,daily_life_people_and_family,,/ˈfrendli/,friendly_us.mp3,zk gk,3,2241,2760,OXFORD_REPO,ECDICT,private_study_only,T,T,ECDICT Chinese field contains multiple glosses; select only the target-sense translation.
community_n_1,community,n.,"all the people who live in a particular area, country, etc. when talked about as a group","all the people who live in a particular area, country, etc. when talked about as a group","社区, 公众, 共有, 共同体",4.0,A2,general_ielts,daily_life_people_and_family,,/kəˈmjuːnəti/,community_us.mp3,cet4 cet6 ky toefl ielts,5,335,296,OXFORD_REPO,ECDICT,private_study_only,T,T,ECDICT Chinese field contains multiple glosses; select only the target-sense translation.
quiet_adj_1,quiet,adj.,making very little noise,making very little noise,"安静的, 静止的, 寂静的, 朴素的, 从容的, 暗中的",4.0,A1,foundation,daily_life_people_and_family,,/ˈkwaɪət/,quiet_us.mp3,zk gk,4,1437,1435,OXFORD_REPO,ECDICT,private_study_only,T,T,ECDICT Chinese field contains multiple glosses; select only the target-sense translation.
role_n_1,role,n.,the function or position someone has in a family or group,the function or position someone has in a family or group,角色；职责,4.0,A2,foundation,daily_life_people_and_family,,/rəʊl/,role_us.mp3,zk gk cet4 cet6 ky toefl ielts,5,468,451,CURATED_FROM_SOURCES,ECDICT,private_study_only,T,T,Human-selected social-function sense rather than theater. | Polysemous word; confirm selected sense boundary. | ECDICT Chinese field contains multiple glosses; select only the target-sense translation.
trust_n_1,trust,n.,"the belief that somebody/something is good, sincere, honest, etc. and will not try to harm or trick you","the belief that somebody/something is good, sincere, honest, etc. and will not try to harm or trick you","信任, 信赖, 相信, 受托, 职责, 信心, 托拉斯",4.0,B2,foundation,daily_life_people_and_family,,/trʌst/,trust_us.mp3,zk gk cet4 cet6 ky,4,1160,1841,OXFORD_REPO,ECDICT,private_study_only,T,T,ECDICT Chinese field contains multiple glosses; select only the target-sense translation. | High CEFR for an introductory level.
responsibility_n_1,responsibility,n.,"duty to deal with or take care of somebody/something, so that you may be blamed if something goes wrong","duty to deal with or take care of somebody/something, so that you may be blamed if something goes wrong","责任, 职责, 负担, 可靠性",4.0,B1,general_ielts,daily_life_people_and_family,,/rɪˌspɑːnsəˈbɪləti/,responsibility_us.mp3,gk cet4 cet6 ky toefl ielts,4,830,1067,OXFORD_REPO,ECDICT,private_study_only,T,T,ECDICT Chinese field contains multiple glosses; select only the target-sense translation.
active_adj_1,active,adj.,"always busy doing things, especially physical activities","always busy doing things, especially physical activities","活跃的, 起作用的, 积极的, 有效的, 主动的, 活性的, 现行的, 现役的",4.0,A2,foundation,daily_life_people_and_family,,/ˈæktɪv/,active_us.mp3,zk gk cet4 ky toefl,4,1316,1444,OXFORD_REPO,ECDICT,private_study_only,T,T,ECDICT Chinese field contains multiple glosses; select only the target-sense translation.
independent_adj_1,independent,adj.,having its own government,having its own government,"独立的, 有主见的, 不须依赖的, 不受约束的",4.0,A2,foundation,daily_life_people_and_family,,/ˌɪndɪˈpendənt/,independent_us.mp3,gk cet4 cet6 ky toefl,5,1013,1265,OXFORD_REPO,ECDICT,private_study_only,T,T,ECDICT Chinese field contains multiple glosses; select only the target-sense translation.
honest_adj_1,honest,adj.,"always telling the truth, and never stealing or cheating","always telling the truth, and never stealing or cheating","诚实的, 坦直的, 可靠的",4.0,B1,foundation,daily_life_people_and_family,,/ˈɑːnɪst/,honest_us.mp3,zk gk cet4 ky,3,2681,2530,OXFORD_REPO,ECDICT,private_study_only,T,T,ECDICT Chinese field contains multiple glosses; select only the target-sense translation.
raise_v_1,raise,v.,to care for a child until the child becomes an adult,to care for a child until the child becomes an adult,抚养；养育,4.0,A2,foundation,daily_life_people_and_family,,/reɪz/,raise_us.mp3,zk gk toefl,5,510,433,CURATED_FROM_SOURCES,ECDICT,private_study_only,T,T,AI-assisted sense drafted from ECDICT Chinese coverage; verify manually. | Polysemous word; confirm selected sense boundary. | ECDICT Chinese field contains multiple glosses; select only the target-sense translation.
value_n_1,value,n.,a belief about what is important or morally right,a belief about what is important or morally right,价值观；准则,4.0,B1,foundation,daily_life_people_and_family,,/ˈvæljuː/,value_us.mp3,zk gk cet4 cet6 ky ielts,5,367,499,CURATED_FROM_SOURCES,ECDICT,private_study_only,T,T,AI-assisted moral-values sense; verify manually. | Polysemous word; confirm selected sense boundary. | ECDICT Chinese field contains multiple glosses; select only the target-sense translation.
different_adj_1,different,adj.,not the same as somebody/something; not like somebody/something else,not the same as somebody/something; not like somebody/something else,不同的,4.0,A1,foundation,daily_life_people_and_family,,/ˈdɪfrənt/,different_us.mp3,zk gk ielts,5,177,237,OXFORD_REPO,ECDICT,private_study_only,T,F,
argument_n_1,argument,n.,"conversation or discussion in which two or more people disagree, often angrily","conversation or discussion in which two or more people disagree, often angrily","争论, 论证, 论据, 自变量",4.0,A2,foundation,daily_life_people_and_family,,/ˈɑːrɡjumənt/,argument_us.mp3,gk cet4 ky ielts,4,832,1185,OXFORD_REPO,ECDICT,private_study_only,T,T,ECDICT Chinese field contains multiple glosses; select only the target-sense translation.
agree_v_1,agree,v.,to have the same opinion as somebody; to say that you have the same opinion,to have the same opinion as somebody; to say that you have the same opinion,"同意, 赞成, 应允, 适合",4.0,A1,foundation,daily_life_people_and_family,,/əˈɡriː/,agree_us.mp3,zk gk,5,401,514,OXFORD_REPO,ECDICT,private_study_only,T,T,ECDICT Chinese field contains multiple glosses; select only the target-sense translation.
similar_adj_1,similar,adj.,like somebody/something but not exactly the same,like somebody/something but not exactly the same,"相似的, 类似的",4.0,A1,foundation,daily_life_people_and_family,,/ˈsɪmələr/,similar_us.mp3,zk gk ielts,4,543,720,OXFORD_REPO,ECDICT,private_study_only,T,T,ECDICT Chinese field contains multiple glosses; select only the target-sense translation.
polite_adj_1,polite,adj.,having or showing good manners and respect for the feelings of others,having or showing good manners and respect for the feelings of others,"有礼貌的, 文雅的, 客气的, 有教养的",4.0,A2,foundation,daily_life_people_and_family,,/pəˈlaɪt/,polite_us.mp3,zk gk,2,4976,5492,OXFORD_REPO,ECDICT,private_study_only,T,T,ECDICT Chinese field contains multiple glosses; select only the target-sense translation.
attitude_n_1,attitude,n.,the way that you think and feel about somebody/something; the way that you behave towards somebody/something that shows how you think and feel,the way that you think and feel about somebody/something; the way that you behave towards somebody/something that shows how you think and feel,"态度, 看法, 姿势",4.0,B1,general_ielts,daily_life_people_and_family,,/ˈætɪtuːd/,attitude_us.mp3,gk cet4 ky,4,920,1155,OXFORD_REPO,ECDICT,private_study_only,T,T,ECDICT Chinese field contains multiple glosses; select only the target-sense translation.
responsible_adj_1,responsible,adj.,"having the job or duty of doing something or taking care of somebody/something, so that you may be blamed if something goes wrong","having the job or duty of doing something or taking care of somebody/something, so that you may be blamed if something goes wrong","有责任的, 负责的, 责任重大的",4.0,B1,foundation,daily_life_people_and_family,,/rɪˈspɑːnsəbl/,responsible_us.mp3,cet4 cet6 ky toefl,4,1054,1365,OXFORD_REPO,ECDICT,private_study_only,T,T,ECDICT Chinese field contains multiple glosses; select only the target-sense translation.
tradition_n_1,tradition,n.,"belief, custom or way of doing something that has existed for a long time among a particular group of people; a set of these beliefs or customs","belief, custom or way of doing something that has existed for a long time among a particular group of people; a set of these beliefs or customs","传说, 传统, 交付",4.0,A2,foundation,daily_life_people_and_family,,/trəˈdɪʃn/,tradition_us.mp3,gk cet4 cet6 ky,3,1417,1243,OXFORD_REPO,ECDICT,private_study_only,T,T,ECDICT Chinese field contains multiple glosses; select only the target-sense translation.
together_adv_1,together,adv.,with or near to somebody/something else; with each other,with or near to somebody/something else; with each other,"一起, 共同, 彼此",4.0,A1,foundation,daily_life_people_and_family,,/təˈɡeðər/,together_us.mp3,zk gk,5,288,324,OXFORD_REPO,ECDICT,private_study_only,T,T,Multiple or mismatched POS/sense candidates. | ECDICT Chinese field contains multiple glosses; select only the target-sense translation.
common_adj_1,common,adj.,happening often; existing in large numbers or in many places,happening often; existing in large numbers or in many places,"通常的, 共同的, 通俗的, 公共的",4.0,A1,foundation,daily_life_people_and_family,,/ˈkɑːmən/,common_us.mp3,zk gk cet4 cet6 ky ielts,1,554,710,OXFORD_REPO,ECDICT,private_study_only,T,T,ECDICT Chinese field contains multiple glosses; select only the target-sense translation.
influence_n_1,influence,n.,the effect that somebody/something has on the way a person thinks or behaves or on the way that something works or develops,the effect that somebody/something has on the way a person thinks or behaves or on the way that something works or develops,"影响力, 权力, 势力",4.0,B1,general_ielts,daily_life_people_and_family,,/ˈɪnfluəns/,influence_us.mp3,zk gk cet4 cet6 ky ielts,4,1061,1392,OXFORD_REPO,ECDICT,private_study_only,T,T,ECDICT Chinese field contains multiple glosses; select only the target-sense translation.
protect_v_1,protect,v.,"to make sure that somebody/something is not harmed, injured, damaged, etc.","to make sure that somebody/something is not harmed, injured, damaged, etc.","防卫, 保护, 警戒",4.0,A2,foundation,daily_life_people_and_family,,/prəˈtekt/,protect_us.mp3,zk gk cet4 cet6 ky,4,1151,749,OXFORD_REPO,ECDICT,private_study_only,T,T,ECDICT Chinese field contains multiple glosses; select only the target-sense translation.
close_adj_1,close,adj.,near in space or time,near in space or time,"靠近的, 亲近的, 亲密的, 严密的, 关闭的, 狭窄的, 秘密的",4.0,A2,foundation,daily_life_people_and_family,,/kləʊs/,close_us.mp3,zk gk toefl,3,647,649,OXFORD_REPO,ECDICT,private_study_only,T,T,Polysemous word; confirm selected sense boundary. | ECDICT Chinese field contains multiple glosses; select only the target-sense translation.
alone_adj_1,alone,adj.,without any other people,without any other people,"孤独的, 单独的, 独自的",4.0,A2,foundation,daily_life_people_and_family,,/əˈləʊn/,alone_us.mp3,zk gk cet4 ky toefl ielts,4,1297,1097,OXFORD_REPO,ECDICT,private_study_only,T,T,ECDICT Chinese field contains multiple glosses; select only the target-sense translation.
generation_n_1,generation,n.,all the people who were born at about the same time,all the people who were born at about the same time,"一代, 一世, 产生",4.0,B1,general_ielts,daily_life_people_and_family,,/ˌdʒenəˈreɪʃn/,generation_us.mp3,gk cet4 cet6 ky gre,4,1344,1026,OXFORD_REPO,ECDICT,private_study_only,T,T,ECDICT Chinese field contains multiple glosses; select only the target-sense translation.
disagree_v_1,disagree,v.,"if two people disagree or one person disagrees with another about something, they have a different opinion about it","if two people disagree or one person disagrees with another about something, they have a different opinion about it","不一致, 不适宜",4.0,A2,foundation,daily_life_people_and_family,,/ˌdɪsəˈɡriː/,disagree_us.mp3,gk cet4 cet6,2,4677,2679,OXFORD_REPO,ECDICT,private_study_only,T,T,ECDICT Chinese field contains multiple glosses; select only the target-sense translation.
encourage_v_1,encourage,v.,"to give somebody support, courage or hope","to give somebody support, courage or hope","鼓励, 支持, 激励",4.0,B1,foundation,daily_life_people_and_family,,/ɪnˈkɜːrɪdʒ/,encourage_us.mp3,zk gk cet4 cet6 ky toefl,4,881,1184,OXFORD_REPO,ECDICT,private_study_only,T,T,ECDICT Chinese field contains multiple glosses; select only the target-sense translation.
behavior_n_1,behavior,n.,manner of acting or controlling yourself,manner of acting or controlling yourself,"行为, 举止",4.0,,general_ielts,daily_life_people_and_family,,bi'heivjә,,cet4 cet6 ky toefl ielts,,28403,658,ECDICT,ECDICT,mit_dataset,F,T,Oxford entry missing; definition/IPA use ECDICT fallback. | Multiple or mismatched POS/sense candidates. | ECDICT Chinese field contains multiple glosses; select only the target-sense translation.
communicate_v_1,communicate,v.,"to share or exchange information, news, ideas, feelings, etc.","to share or exchange information, news, ideas, feelings, etc.","显露, 传达, 感染",4.0,A2,foundation,daily_life_people_and_family,,/kəˈmjuːnɪkeɪt/,communicate_us.mp3,zk gk cet4 cet6 ky toefl gre,3,3006,2672,OXFORD_REPO,ECDICT,private_study_only,T,T,ECDICT Chinese field contains multiple glosses; select only the target-sense translation.
house_n_1,house,n.,"building for people to live in, usually for one family","building for people to live in, usually for one family","房子, 住宅, 机构, 议院, 家族, 家庭",4.0,A1,foundation,daily_life_home_and_objects,,/haʊs/,house_us.mp3,zk gk toefl ielts,5,148,257,OXFORD_REPO,ECDICT,private_study_only,T,T,Polysemous word; confirm selected sense boundary. | ECDICT Chinese field contains multiple glosses; select only the target-sense translation.
building_n_1,building,n.,structure such as a house or school that has a roof and walls,structure such as a house or school that has a roof and walls,"建筑物, 建筑",4.0,A1,foundation,daily_life_home_and_objects,,/ˈbɪldɪŋ/,building_us.mp3,zk gk ielts,5,420,501,OXFORD_REPO,ECDICT,private_study_only,T,T,ECDICT Chinese field contains multiple glosses; select only the target-sense translation.
room_n_1,room,n.,"part of a building that has its own walls, floor and ceiling and is usually used for a particular purpose","part of a building that has its own walls, floor and ceiling and is usually used for a particular purpose","房间, 空位, 场所",4.0,A1,foundation,daily_life_home_and_objects,,/ruːm/,room_us.mp3,zk gk ielts,5,240,227,OXFORD_REPO,ECDICT,private_study_only,T,T,Polysemous word; confirm selected sense boundary. | ECDICT Chinese field contains multiple glosses; select only the target-sense translation.
home_n_1,home,n.,the house or apartment where a person lives,the house or apartment where a person lives,家；住所,4.0,A1,foundation,daily_life_home_and_objects,,/həʊm/,home_us.mp3,zk gk,1,222,224,CURATED_FROM_SOURCES,ECDICT,private_study_only,T,T,Human-selected home/place-of-residence sense. | Polysemous word; confirm selected sense boundary. | ECDICT Chinese field contains multiple glosses; select only the target-sense translation.
wall_n_1,wall,n.,"long, solid structure that rises straight up from the ground, made of stone, brick or concrete, that surrounds, divides or protects an area of land","long, solid structure that rises straight up from the ground, made of stone, brick or concrete, that surrounds, divides or protects an area of land","墙, 墙壁, 垣, 内壁, 分界物, 屏障",4.0,A1,foundation,daily_life_home_and_objects,,/wɔːl/,wall_us.mp3,zk gk ielts,5,577,571,OXFORD_REPO,ECDICT,private_study_only,T,T,ECDICT Chinese field contains multiple glosses; select only the target-sense translation.
bedroom_n_1,bedroom,n.,room for sleeping in,room for sleeping in,卧室,4.0,A1,foundation,daily_life_home_and_objects,,/ˈbedruːm/,bedroom_us.mp3,zk gk ielts,3,1570,1869,OXFORD_REPO,ECDICT,private_study_only,T,F,
apartment_n_1,apartment,n.,"set of rooms for living in, usually on one floor of a building","set of rooms for living in, usually on one floor of a building","房间, 公寓",4.0,A1,foundation,daily_life_home_and_objects,,/əˈpɑːrtmənt/,apartment_us.mp3,gk cet4 ky ielts,3,3711,1273,OXFORD_REPO,ECDICT,private_study_only,T,T,ECDICT Chinese field contains multiple glosses; select only the target-sense translation.
bathroom_n_1,bathroom,n.,"room in which there is a bath, a washbasin and often a toilet","room in which there is a bath, a washbasin and often a toilet","浴室, 厕所",4.0,A1,foundation,daily_life_home_and_objects,,/ˈbæθruːm/,bathroom_us.mp3,zk gk cet4 ky ielts,3,2821,2404,OXFORD_REPO,ECDICT,private_study_only,T,T,ECDICT Chinese field contains multiple glosses; select only the target-sense translation.
kitchen_n_1,kitchen,n.,room in which meals are cooked or prepared,room in which meals are cooked or prepared,"厨房, 全套炊具",4.0,A1,foundation,daily_life_home_and_objects,,/ˈkɪtʃɪn/,kitchen_us.mp3,zk gk toefl ielts,4,1124,1051,OXFORD_REPO,ECDICT,private_study_only,T,T,ECDICT Chinese field contains multiple glosses; select only the target-sense translation.
window_n_1,window,n.,"an opening in the wall or roof of a building, car, etc., usually covered with glass, that allows light and air to come in and people to see out; the glass in a window","an opening in the wall or roof of a building, car, etc., usually covered with glass, that allows light and air to come in and people to see out; the glass in a window","窗户, 窗子, 窗口",4.0,A1,foundation,daily_life_home_and_objects,,/ˈwɪndəʊ/,window_us.mp3,zk gk ielts,4,517,607,OXFORD_REPO,ECDICT,private_study_only,T,T,ECDICT Chinese field contains multiple glosses; select only the target-sense translation.
floor_n_1,floor,n.,the surface of a room that you walk on,the surface of a room that you walk on,"地板, 楼层, 底部, 底价",4.0,A1,foundation,daily_life_home_and_objects,,/flɔːr/,floor_us.mp3,zk gk,4,791,639,OXFORD_REPO,ECDICT,private_study_only,T,T,ECDICT Chinese field contains multiple glosses; select only the target-sense translation.
door_n_1,door,n.,"piece of wood, glass, etc. that is opened and closed so that people can get in and out of a room, building, car, etc.; a similar thing in a cupboard","piece of wood, glass, etc. that is opened and closed so that people can get in and out of a room, building, car, etc.; a similar thing in a cupboard",门,4.0,A1,foundation,daily_life_home_and_objects,,/dɔːr/,door_us.mp3,zk gk,5,300,343,OXFORD_REPO,ECDICT,private_study_only,T,F,
garden_n_1,garden,n.,"piece of land next to or around your house where you can grow flowers, fruit, vegetables, etc., usually with a lawn (= an area of grass)","piece of land next to or around your house where you can grow flowers, fruit, vegetables, etc., usually with a lawn (= an area of grass)","花园, 果园, 菜园",4.0,A1,foundation,daily_life_home_and_objects,,/ˈɡɑːrdn/,garden_us.mp3,zk gk ielts,4,700,1043,OXFORD_REPO,ECDICT,private_study_only,T,T,ECDICT Chinese field contains multiple glosses; select only the target-sense translation.
table_n_1,table,n.,piece of furniture that consists of a flat top supported by legs,piece of furniture that consists of a flat top supported by legs,"桌子, 餐桌, 工作台, 铭文, 表格, 表, 高原, 平地层",4.0,A1,foundation,daily_life_home_and_objects,,/ˈteɪbl/,table_us.mp3,zk gk ielts gre,4,410,539,OXFORD_REPO,ECDICT,private_study_only,T,T,Polysemous word; confirm selected sense boundary. | ECDICT Chinese field contains multiple glosses; select only the target-sense translation.
chair_n_1,chair,n.,"piece of furniture for one person to sit on, with a back, a seat and four legs","piece of furniture for one person to sit on, with a back, a seat and four legs","椅子, 显要的席位, 主席",4.0,A1,foundation,daily_life_home_and_objects,,/tʃer/,chair_us.mp3,zk gk ielts,4,1029,946,OXFORD_REPO,ECDICT,private_study_only,T,T,Polysemous word; confirm selected sense boundary. | ECDICT Chinese field contains multiple glosses; select only the target-sense translation.
hall_n_1,hall,n.,space or passage inside the entrance or front door of a building,space or passage inside the entrance or front door of a building,"门厅, 走廊, 会堂",4.0,A2,foundation,daily_life_home_and_objects,,/hɔːl/,hall_us.mp3,zk gk cet4 cet6 ky toefl ielts,3,800,1839,OXFORD_REPO,ECDICT,private_study_only,T,T,ECDICT Chinese field contains multiple glosses; select only the target-sense translation.
roof_n_1,roof,n.,the structure that covers or forms the top of a building or vehicle,the structure that covers or forms the top of a building or vehicle,"屋顶, 室顶",4.0,A2,foundation,daily_life_home_and_objects,,/ruːf/,roof_us.mp3,gk cet4 cet6 ky toefl,3,1879,2135,OXFORD_REPO,ECDICT,private_study_only,T,T,ECDICT Chinese field contains multiple glosses; select only the target-sense translation.
bed_n_1,bed,n.,piece of furniture for sleeping on,piece of furniture for sleeping on,"床, 睡眠处, 河床, 底座, 路基, 一层",4.0,A1,foundation,daily_life_home_and_objects,,/bed/,bed_us.mp3,zk gk,4,563,683,OXFORD_REPO,ECDICT,private_study_only,T,T,ECDICT Chinese field contains multiple glosses; select only the target-sense translation.
yard_n_1,yard,n.,"piece of land next to or around your house where you can grow flowers, fruit, vegetables, etc., usually with a lawn (= an area of grass)","piece of land next to or around your house where you can grow flowers, fruit, vegetables, etc., usually with a lawn (= an area of grass)","码, 庭院, 工场",4.0,B1,foundation,daily_life_home_and_objects,,/jɑːrd/,yard_us.mp3,zk gk cet4 cet6 ky ielts,4,1370,1035,OXFORD_REPO,ECDICT,private_study_only,T,T,ECDICT Chinese field contains multiple glosses; select only the target-sense translation.
furniture_n_1,furniture,n.,"objects that can be moved, such as tables, chairs and beds, that are put into a house or an office to make it suitable for living or working in","objects that can be moved, such as tables, chairs and beds, that are put into a house or an office to make it suitable for living or working in","家具, 帆具",4.0,A2,foundation,daily_life_home_and_objects,,/ˈfɜːrnɪtʃər/,furniture_us.mp3,zk gk cet4 cet6 ky toefl ielts,3,2428,2669,OXFORD_REPO,ECDICT,private_study_only,T,T,ECDICT Chinese field contains multiple glosses; select only the target-sense translation.
ceiling_n_1,ceiling,n.,the top inside surface of a room,the top inside surface of a room,天花板,4.0,B1,foundation,daily_life_home_and_objects,,/ˈsiːlɪŋ/,ceiling_us.mp3,zk gk cet4 cet6 ky toefl,2,2874,2641,OXFORD_REPO,ECDICT,private_study_only,T,F,
desk_n_1,desk,n.,"piece of furniture like a table, often with drawers (= parts like boxes in it with handles on the front for pulling them open), that you sit at to read, write, work, etc.","piece of furniture like a table, often with drawers (= parts like boxes in it with handles on the front for pulling them open), that you sit at to read, write, work, etc.","书桌, 办公桌, 工作台",4.0,A1,foundation,daily_life_home_and_objects,,/desk/,desk_us.mp3,zk gk ielts,4,1862,1659,OXFORD_REPO,ECDICT,private_study_only,T,T,ECDICT Chinese field contains multiple glosses; select only the target-sense translation.
light_n_1,light,n.,a lamp or other object that produces light,a lamp or other object that produces light,灯；光源,4.0,A1,foundation,daily_life_home_and_objects,,/laɪt/,light_us.mp3,zk gk ielts,3,529,464,CURATED_FROM_SOURCES,ECDICT,private_study_only,T,T,Human-selected household-object sense. | Polysemous word; confirm selected sense boundary. | ECDICT Chinese field contains multiple glosses; select only the target-sense translation.
entrance_n_1,entrance,n.,"door, gate, passage, etc. used for entering a room, building or place","door, gate, passage, etc. used for entering a room, building or place","入口, 进入点, 入场, 入学, 进入, 开始(阶段), 就任",4.0,B1,foundation,daily_life_home_and_objects,,/ˈentrəns/,entrance_us.mp3,gk cet4 cet6 ky toefl ielts gre,1,2465,2877,OXFORD_REPO,ECDICT,private_study_only,T,T,ECDICT Chinese field contains multiple glosses; select only the target-sense translation.
garage_n_1,garage,n.,building for keeping one or more cars or other vehicles in,building for keeping one or more cars or other vehicles in,"车库, 汽车修理厂, 机库",4.0,B1,foundation,daily_life_home_and_objects,,/ɡəˈrɑːʒ/,garage_us.mp3,gk cet4 cet6 ky ielts,2,3113,3208,OXFORD_REPO,ECDICT,private_study_only,T,T,ECDICT Chinese field contains multiple glosses; select only the target-sense translation.
shelf_n_1,shelf,n.,"flat board, made of wood, metal, glass, etc., fixed to the wall or forming part of a cupboard, bookcase, etc., for things to be placed on","flat board, made of wood, metal, glass, etc., fixed to the wall or forming part of a cupboard, bookcase, etc., for things to be placed on","架子, 搁板",4.0,B1,foundation,daily_life_home_and_objects,,/ʃelf/,shelf_us.mp3,zk gk cet4 cet6 ky toefl ielts,2,2930,2947,OXFORD_REPO,ECDICT,private_study_only,T,T,ECDICT Chinese field contains multiple glosses; select only the target-sense translation.
key_n_1,key,n.,"piece of metal with a special shape used for locking a door, starting a car, etc.","piece of metal with a special shape used for locking a door, starting a car, etc.","钥匙, 键, 解答, 关键, 要害, 基调, 线索, 答案, 暗礁",4.0,A1,foundation,daily_life_home_and_objects,,/kiː/,key_us.mp3,zk gk ielts,4,1267,1093,OXFORD_REPO,ECDICT,private_study_only,T,T,ECDICT Chinese field contains multiple glosses; select only the target-sense translation.
mirror_n_1,mirror,n.,"piece of special flat glass that reflects images, so that you can see yourself when you look in it","piece of special flat glass that reflects images, so that you can see yourself when you look in it","镜子, 写真, 典范",4.0,A2,foundation,daily_life_home_and_objects,,/ˈmɪrər/,mirror_us.mp3,zk gk cet4 cet6 ky,3,2086,1853,OXFORD_REPO,ECDICT,private_study_only,T,T,ECDICT Chinese field contains multiple glosses; select only the target-sense translation.
carpet_n_1,carpet,n.,"piece of thick woven material made of wool, etc., used to cover the floor of a room or stairs; the material used for carpets","piece of thick woven material made of wool, etc., used to cover the floor of a room or stairs; the material used for carpets","地毯, 地毯状物",4.0,A2,foundation,daily_life_home_and_objects,,/ˈkɑːrpɪt/,carpet_us.mp3,gk cet4 cet6 ky ielts,2,2484,4112,OXFORD_REPO,ECDICT,private_study_only,T,T,ECDICT Chinese field contains multiple glosses; select only the target-sense translation.
lamp_n_1,lamp,n.,"device that uses electricity, oil or gas to produce light","device that uses electricity, oil or gas to produce light",灯,4.0,A2,foundation,daily_life_home_and_objects,,/læmp/,lamp_us.mp3,zk gk cet4 cet6 ky toefl ielts,2,3340,3936,OXFORD_REPO,ECDICT,private_study_only,T,F,
lock_n_1,lock,n.,"device that keeps a door, window, box, etc. shut, usually needing a key to open it","device that keeps a door, window, box, etc. shut, usually needing a key to open it","锁, 刹车, 水闸, 一缕头发",4.0,A2,foundation,daily_life_home_and_objects,,/lɑːk/,lock_us.mp3,zk gk cet4 ky ielts,3,2332,2221,OXFORD_REPO,ECDICT,private_study_only,T,T,ECDICT Chinese field contains multiple glosses; select only the target-sense translation.
stairs_n_1,stairs,n.,a flight of stairs or a flight of steps,a flight of stairs or a flight of steps,楼梯,4.0,,foundation,daily_life_home_and_objects,,,,zk ielts,,2222,13908,ECDICT,ECDICT,mit_dataset,F,T,Oxford entry missing; definition/IPA use ECDICT fallback. | Multiple or mismatched POS/sense candidates.
shower_n_1,shower,n.,piece of equipment producing a flow of water that you stand under to wash yourself; the small room or part of a room that contains a shower,piece of equipment producing a flow of water that you stand under to wash yourself; the small room or part of a room that contains a shower,"阵雨, 淋浴, 一阵, 展出者, 显示者",4.0,A1,foundation,daily_life_home_and_objects,,/ˈʃaʊər/,shower_us.mp3,zk gk cet4 cet6 ky toefl ielts,2,3712,3204,OXFORD_REPO,ECDICT,private_study_only,T,T,ECDICT Chinese field contains multiple glosses; select only the target-sense translation.
cabinet_n_1,cabinet,n.,a piece of furniture with shelves or drawers used for storage,a piece of furniture with shelves or drawers used for storage,橱柜；储物柜,4.0,A2,foundation,daily_life_home_and_objects,,/ˈkæbɪnət/,cabinet_us.mp3,cet4 cet6 ky toefl ielts gre,4,1378,2693,CURATED_FROM_SOURCES,ECDICT,private_study_only,T,T,Human-selected furniture sense rather than government. | Curriculum CEFR estimate overrides unreliable/missing source level. | ECDICT Chinese field contains multiple glosses; select only the target-sense translation.
curtain_n_1,curtain,n.,piece of cloth that is hung to cover a window,piece of cloth that is hung to cover a window,"帐, 幕, 窗帘",4.0,B1,foundation,daily_life_home_and_objects,,/ˈkɜːrtn/,curtain_us.mp3,gk cet4 cet6 ky toefl,3,2492,3622,OXFORD_REPO,ECDICT,private_study_only,T,T,ECDICT Chinese field contains multiple glosses; select only the target-sense translation.
balcony_n_1,balcony,n.,an upper floor projecting from the rear over the main floor in an auditorium,an upper floor projecting from the rear over the main floor in an auditorium,"阳台, 戏院楼厅",4.0,,foundation,daily_life_home_and_objects,,'bælkәni,,gk cet4 cet6 ky toefl ielts,2,5402,5799,ECDICT,ECDICT,mit_dataset,F,T,Oxford entry missing; definition/IPA use ECDICT fallback. | Multiple or mismatched POS/sense candidates. | ECDICT Chinese field contains multiple glosses; select only the target-sense translation.
toilet_n_1,toilet,n.,large bowl attached to a pipe that you sit on or stand over when you get rid of waste matter from your body,large bowl attached to a pipe that you sit on or stand over when you get rid of waste matter from your body,"厕所, 梳妆",4.0,A1,foundation,daily_life_home_and_objects,,/ˈtɔɪlət/,toilet_us.mp3,zk gk cet4 cet6 ky,2,3550,3983,OXFORD_REPO,ECDICT,private_study_only,T,T,ECDICT Chinese field contains multiple glosses; select only the target-sense translation.
closet_n_1,closet,n.,a small storage space or cupboard for clothes and other things,a small storage space or cupboard for clothes and other things,壁橱；衣橱,4.0,A2,foundation,daily_life_home_and_objects,,'klɒzit,,cet6 ky ielts gre,1,11999,3473,CURATED_FROM_SOURCES,ECDICT,mit_dataset,F,T,AI-assisted modern American household sense; verify manually. | Curriculum CEFR estimate overrides unreliable/missing source level. | Oxford entry missing; definition/IPA use ECDICT fallback. | Multiple or mismatched POS/sense candidates. | ECDICT Chinese field contains multiple glosses; select only the target-sense translation.
drawer_n_1,drawer,n.,a boxlike container in a piece of furniture; made so as to slide in and out,a boxlike container in a piece of furniture; made so as to slide in and out,"抽屉, 开票人",4.0,,foundation,daily_life_home_and_objects,,'drɒ:ә,,zk gk cet4 cet6 ky toefl ielts,2,4175,4212,ECDICT,ECDICT,mit_dataset,F,T,Oxford entry missing; definition/IPA use ECDICT fallback. | Multiple or mismatched POS/sense candidates. | ECDICT Chinese field contains multiple glosses; select only the target-sense translation.
couch_n_1,couch,n.,a long comfortable seat for two or more people,a long comfortable seat for two or more people,长沙发,4.0,A2,foundation,daily_life_home_and_objects,,kautʃ,,cet6 ky ielts,2,8083,3375,CURATED_FROM_SOURCES,ECDICT,mit_dataset,F,T,AI-assisted modern household sense; verify manually. | Curriculum CEFR estimate overrides unreliable/missing source level. | Oxford entry missing; definition/IPA use ECDICT fallback. | Multiple or mismatched POS/sense candidates.
wardrobe_n_1,wardrobe,n.,a tall piece of furniture that provides storage space for clothes; has a door and rails or hooks for hanging clothes,a tall piece of furniture that provides storage space for clothes; has a door and rails or hooks for hanging clothes,"衣橱, 衣室, 全部衣服",4.0,,foundation,daily_life_home_and_objects,,'wɒ:drәub,,cet6 ky ielts gre,2,5424,7918,ECDICT,ECDICT,mit_dataset,F,T,Oxford entry missing; definition/IPA use ECDICT fallback. | Multiple or mismatched POS/sense candidates. | ECDICT Chinese field contains multiple glosses; select only the target-sense translation.
sofa_n_1,sofa,n.,an upholstered seat for more than one person,an upholstered seat for more than one person,沙发,4.0,,foundation,daily_life_home_and_objects,,'sәufә,,zk gk cet6 ky,2,5140,4782,ECDICT,ECDICT,mit_dataset,F,T,Oxford entry missing; definition/IPA use ECDICT fallback. | Multiple or mismatched POS/sense candidates.
blanket_n_1,blanket,n.,"large cover, often made of wool, used especially on beds to keep people warm","large cover, often made of wool, used especially on beds to keep people warm","毛毯, 毯子",4.0,A2,foundation,daily_life_home_and_objects,,/ˈblæŋkɪt/,blanket_us.mp3,gk cet4 ky toefl ielts,2,3938,3306,OXFORD_REPO,ECDICT,private_study_only,T,T,Curriculum CEFR estimate overrides unreliable/missing source level. | ECDICT Chinese field contains multiple glosses; select only the target-sense translation.
pillow_n_1,pillow,n.,a cushion to support the head of a sleeping person,a cushion to support the head of a sleeping person,"枕头, 靠垫, 枕状岩",4.0,,foundation,daily_life_home_and_objects,,'pilәu,,gk cet4 cet6 ky toefl ielts,2,5447,4017,ECDICT,ECDICT,mit_dataset,F,T,Oxford entry missing; definition/IPA use ECDICT fallback. | Multiple or mismatched POS/sense candidates. | ECDICT Chinese field contains multiple glosses; select only the target-sense translation.
mattress_n_1,mattress,n.,"a large thick pad filled with resilient material and often incorporating coiled springs, used as a bed or part of a bed","a large thick pad filled with resilient material and often incorporating coiled springs, used as a bed or part of a bed","床垫, 空气垫, 沉床",4.0,,foundation,daily_life_home_and_objects,,'mætris,,gre,1,7193,6001,ECDICT,ECDICT,mit_dataset,F,T,Oxford entry missing; definition/IPA use ECDICT fallback. | Multiple or mismatched POS/sense candidates. | ECDICT Chinese field contains multiple glosses; select only the target-sense translation.
cup_n_1,cup,n.,"small container that is like a bowl in shape, usually with a handle, used for drinking tea, coffee, etc.","small container that is like a bowl in shape, usually with a handle, used for drinking tea, coffee, etc.","杯子, 茶杯, 优胜杯",4.0,A1,foundation,daily_life_home_and_objects,,/kʌp/,cup_us.mp3,zk gk ielts,5,749,780,OXFORD_REPO,ECDICT,private_study_only,T,T,ECDICT Chinese field contains multiple glosses; select only the target-sense translation.
glass_n_1,glass,n.,a small container made of glass that is used for drinking,a small container made of glass that is used for drinking,玻璃杯,4.0,A1,foundation,daily_life_home_and_objects,,/ɡlæs/,glass_us.mp3,zk gk ielts,4,844,820,CURATED_FROM_SOURCES,ECDICT,private_study_only,T,T,Human-selected drinking-container sense. | Polysemous word; confirm selected sense boundary.
object_n_1,object,n.,"thing that can be seen and touched, but is not alive","thing that can be seen and touched, but is not alive","物体, 目标, 目的, 对象, 宾语, 客体",4.0,A1,foundation,daily_life_home_and_objects,,/ˈɑːbdʒɪkt/,object_us.mp3,zk gk cet4 cet6 ky ielts,4,1028,1153,OXFORD_REPO,ECDICT,private_study_only,T,T,ECDICT Chinese field contains multiple glosses; select only the target-sense translation.
thing_n_1,thing,n.,"an object whose name you do not use because you do not need to or want to, or because you do not know it","an object whose name you do not use because you do not need to or want to, or because you do not know it","事物, 东西, 物, 用品, 事, 事件, 情况, 行为, 特征",4.0,A1,foundation,daily_life_home_and_objects,,/θɪŋ/,thing_us.mp3,zk gk,5,106,97,OXFORD_REPO,ECDICT,private_study_only,T,T,ECDICT Chinese field contains multiple glosses; select only the target-sense translation.
box_n_1,box,n.,"container made of wood, thick card, metal, etc. with a flat stiff base and sides and often a lid (= cover), used especially for holding solid things","container made of wood, thick card, metal, etc. with a flat stiff base and sides and often a lid (= cover), used especially for holding solid things","盒子, 箱, 方框, 一巴掌",4.0,A1,foundation,daily_life_home_and_objects,,/bɑːks/,box_us.mp3,zk gk,4,874,795,OXFORD_REPO,ECDICT,private_study_only,T,T,ECDICT Chinese field contains multiple glosses; select only the target-sense translation.
bag_n_1,bag,n.,"container made of cloth, leather, plastic or paper, used to carry things in, especially when shopping or travelling","container made of cloth, leather, plastic or paper, used to carry things in, especially when shopping or travelling","袋子, 袋状物",4.0,A1,foundation,daily_life_home_and_objects,,/bæɡ/,bag_us.mp3,zk gk,4,1292,1008,OXFORD_REPO,ECDICT,private_study_only,T,T,ECDICT Chinese field contains multiple glosses; select only the target-sense translation.
bottle_n_1,bottle,n.,"glass or plastic container, usually round with straight sides and a narrow neck, used especially for storing liquids","glass or plastic container, usually round with straight sides and a narrow neck, used especially for storing liquids","瓶子, 酒瓶",4.0,A1,foundation,daily_life_home_and_objects,,/ˈbɑːtl/,bottle_us.mp3,zk gk,4,1584,1740,OXFORD_REPO,ECDICT,private_study_only,T,T,ECDICT Chinese field contains multiple glosses; select only the target-sense translation.
knife_n_1,knife,n.,"sharp blade (= metal edge) with a handle, used for cutting or as a weapon","sharp blade (= metal edge) with a handle, used for cutting or as a weapon","小刀, 匕首",4.0,A2,foundation,daily_life_home_and_objects,,/naɪf/,knife_us.mp3,zk gk ielts,3,2471,2240,OXFORD_REPO,ECDICT,private_study_only,T,T,ECDICT Chinese field contains multiple glosses; select only the target-sense translation.
television_n_1,television,n.,piece of electrical equipment with a screen on which you can watch programmes with moving pictures and sounds,piece of electrical equipment with a screen on which you can watch programmes with moving pictures and sounds,电视,4.0,A1,foundation,daily_life_home_and_objects,,/ˈtelɪvɪʒn/,television_us.mp3,zk gk ielts,4,978,794,OXFORD_REPO,ECDICT,private_study_only,T,F,
dish_n_1,dish,n.,a shallow container used for cooking or serving food,a shallow container used for cooking or serving food,盘；碟,4.0,A1,foundation,daily_life_home_and_objects,,/dɪʃ/,dish_us.mp3,zk gk,3,2709,1935,CURATED_FROM_SOURCES,ECDICT,private_study_only,T,T,Human-selected household-container sense. | Polysemous word; confirm selected sense boundary. | ECDICT Chinese field contains multiple glosses; select only the target-sense translation.
computer_n_1,computer,n.,"an electronic machine that can store, organize and find information, do processes with numbers and other data, and control other machines","an electronic machine that can store, organize and find information, do processes with numbers and other data, and control other machines","电脑, 电子计算机",4.0,A1,foundation,daily_life_home_and_objects,,/kəmˈpjuːtər/,computer_us.mp3,zk gk ielts,4,580,589,OXFORD_REPO,ECDICT,private_study_only,T,T,ECDICT Chinese field contains multiple glosses; select only the target-sense translation.
plate_n_1,plate,n.,"flat, usually round, dish that you put food on","flat, usually round, dish that you put food on","碟, 盘子, 盆中物, 金属板, 图版, 金银餐具, 印版, 金属牌(照)",4.0,A2,foundation,daily_life_home_and_objects,,/pleɪt/,plate_us.mp3,zk gk toefl,3,1494,1525,OXFORD_REPO,ECDICT,private_study_only,T,T,ECDICT Chinese field contains multiple glosses; select only the target-sense translation.
phone_n_1,phone,n.,piece of equipment for talking to people who are not in the same place as you,piece of equipment for talking to people who are not in the same place as you,"电话, 受话器, 耳机",4.0,A1,foundation,daily_life_home_and_objects,,/fəʊn/,phone_us.mp3,zk cet4 ky ielts,4,1346,557,OXFORD_REPO,ECDICT,private_study_only,T,T,ECDICT Chinese field contains multiple glosses; select only the target-sense translation.
bowl_n_1,bowl,n.,"deep round dish with a wide open top, used especially for holding food or liquid","deep round dish with a wide open top, used especially for holding food or liquid","碗, 木球, 大酒杯",4.0,A2,foundation,daily_life_home_and_objects,,/bəʊl/,bowl_us.mp3,zk gk cet4 ky toefl,3,2707,1829,OXFORD_REPO,ECDICT,private_study_only,T,T,ECDICT Chinese field contains multiple glosses; select only the target-sense translation.
clock_n_1,clock,n.,"an instrument for measuring and showing time, in a room, on the wall of a building or on a computer screen (not worn or carried like a watch)","an instrument for measuring and showing time, in a room, on the wall of a building or on a computer screen (not worn or carried like a watch)","时钟, 计时器, (袜子上的)绣花边花",4.0,A1,foundation,daily_life_home_and_objects,,/klɑːk/,clock_us.mp3,zk gk cet4 ky ielts,3,2543,2635,OXFORD_REPO,ECDICT,private_study_only,T,T,ECDICT Chinese field contains multiple glosses; select only the target-sense translation.
towel_n_1,towel,n.,"piece of cloth or paper used for drying things, especially your body","piece of cloth or paper used for drying things, especially your body","手巾, 毛巾",4.0,A2,foundation,daily_life_home_and_objects,,/ˈtaʊəl/,towel_us.mp3,zk gk cet4 cet6 ky toefl ielts,2,4814,3682,OXFORD_REPO,ECDICT,private_study_only,T,T,ECDICT Chinese field contains multiple glosses; select only the target-sense translation.
spoon_n_1,spoon,n.,"tool that has a handle with a shallow bowl at the end, used for mixing, serving and eating food","tool that has a handle with a shallow bowl at the end, used for mixing, serving and eating food","匙, 调羹, 匙形工具",4.0,A2,foundation,daily_life_home_and_objects,,/spuːn/,spoon_us.mp3,zk gk cet4 cet6 ky toefl,2,6114,4339,OXFORD_REPO,ECDICT,private_study_only,T,T,ECDICT Chinese field contains multiple glosses; select only the target-sense translation.
carry_v_1,carry,v.,to support the weight of somebody/something and take them or it from place to place; to take somebody/something from one place to another,to support the weight of somebody/something and take them or it from place to place; to take somebody/something from one place to another,"携带, 运送, 支持, 传送, 包含",4.0,A1,foundation,daily_life_home_and_objects,,/ˈkæri/,carry_us.mp3,zk gk ielts,5,283,487,OXFORD_REPO,ECDICT,private_study_only,T,T,ECDICT Chinese field contains multiple glosses; select only the target-sense translation.
fork_n_1,fork,n.,"tool with a handle and three or four sharp points (called prongs), used for picking up and eating food","tool with a handle and three or four sharp points (called prongs), used for picking up and eating food","叉子, 叉状物, 分岔",4.0,A2,foundation,daily_life_home_and_objects,,/fɔːrk/,fork_us.mp3,zk gk cet4 cet6 ky,2,5592,3758,OXFORD_REPO,ECDICT,private_study_only,T,T,ECDICT Chinese field contains multiple glosses; select only the target-sense translation.
pot_n_1,pot,n.,deep round container used for cooking things in,deep round container used for cooking things in,"盆, 罐, 壶, 坩埚, 奖杯",4.0,B1,foundation,daily_life_home_and_objects,,/pɑːt/,pot_us.mp3,gk cet4 cet6 ky toefl,3,2782,2235,OXFORD_REPO,ECDICT,private_study_only,T,T,ECDICT Chinese field contains multiple glosses; select only the target-sense translation.
put_v_1,put,v.,to move something into a particular place or position,to move something into a particular place or position,"放, 摆, 安置, 移动, 发射, 投掷, 写上, 表达, 使从事, 使受到, 驱使, 赋予",4.0,A1,foundation,daily_life_home_and_objects,,/pʊt/,put_us.mp3,zk gk ielts,5,116,151,OXFORD_REPO,ECDICT,private_study_only,T,T,ECDICT Chinese field contains multiple glosses; select only the target-sense translation.
keep_v_1,keep,v.,to continue to have something and not give it back or throw it away,to continue to have something and not give it back or throw it away,"保持, 保存, 遵守, 看守, 整理, 维持, 履行, 经营, 拘留, 记帐",4.0,A1,foundation,daily_life_home_and_objects,,/kiːp/,keep_us.mp3,zk gk ielts,5,171,156,OXFORD_REPO,ECDICT,private_study_only,T,T,ECDICT Chinese field contains multiple glosses; select only the target-sense translation.
clean_v_1,clean,v.,to remove the dirt or dust from something,to remove the dirt or dust from something,"清理, 使干净, 出空",4.0,A1,foundation,daily_life_home_and_objects,,/kliːn/,clean_us.mp3,zk gk toefl ielts,4,1780,1514,OXFORD_REPO,ECDICT,private_study_only,T,T,ECDICT Chinese field contains multiple glosses; select only the target-sense translation.
pan_n_1,pan,n.,a wide metal container used for cooking food,a wide metal container used for cooking food,平底锅；锅,4.0,A2,foundation,daily_life_home_and_objects,,/pæn/,pan_us.mp3,gk cet4 cet6 ky gre,3,4319,2479,CURATED_FROM_SOURCES,ECDICT,private_study_only,T,T,Human-selected ECDICT cooking-utensil sense. | Curriculum CEFR estimate overrides unreliable/missing source level. | ECDICT Chinese field contains multiple glosses; select only the target-sense translation.
open_v_1,open,v.,"to move a door, window, lid, etc. into a position that is no longer closed; to get into this position","to move a door, window, lid, etc. into a position that is no longer closed; to get into this position","打开, 公开, 开放",4.0,A1,foundation,daily_life_home_and_objects,,/ˈəʊpən/,open_us.mp3,zk gk,5,403,355,OXFORD_REPO,ECDICT,private_study_only,T,T,ECDICT Chinese field contains multiple glosses; select only the target-sense translation.
soap_n_1,soap,n.,substance that you use with water for washing your body,substance that you use with water for washing your body,"肥皂, 阿谀",4.0,A2,foundation,daily_life_home_and_objects,,/səʊp/,soap_us.mp3,zk gk cet4 cet6 ky toefl,2,4288,4344,OXFORD_REPO,ECDICT,private_study_only,T,T,ECDICT Chinese field contains multiple glosses; select only the target-sense translation.
brush_n_1,brush,n.,"an object made of short stiff hairs (called bristles) or wires set in a block of wood or plastic, usually attached to a handle. Brushes are used for many different jobs, such as cleaning, painting and tidying your hair.","an object made of short stiff hairs (called bristles) or wires set in a block of wood or plastic, usually attached to a handle. Brushes are used for many different jobs, such as cleaning, painting and tidying your hair.","刷子, 毛笔, 争吵",4.0,A2,foundation,daily_life_home_and_objects,,/brʌʃ/,brush_us.mp3,zk gk,3,3418,3223,OXFORD_REPO,ECDICT,private_study_only,T,T,ECDICT Chinese field contains multiple glosses; select only the target-sense translation.
fridge_n_1,fridge,n.,piece of electrical equipment in which food is kept cold so that it stays fresh,piece of electrical equipment in which food is kept cold so that it stays fresh,电冰箱,4.0,A2,foundation,daily_life_home_and_objects,,/frɪdʒ/,fridge_us.mp3,zk cet4 cet6 ky ielts,2,5453,9318,OXFORD_REPO,ECDICT,private_study_only,T,F,
use_v_1,use,v.,"to do something with a machine, a method, an object, etc. for a particular purpose","to do something with a machine, a method, an object, etc. for a particular purpose","使用, 利用, 运用, 耗费",4.0,A1,foundation,daily_life_home_and_objects,,/juːz/,use_us.mp3,zk gk,4,87,92,OXFORD_REPO,ECDICT,private_study_only,T,T,ECDICT Chinese field contains multiple glosses; select only the target-sense translation.
need_v_1,need,v.,"to require something/somebody because they are essential or very important, not just because you would like to have them","to require something/somebody because they are essential or very important, not just because you would like to have them","需要, 必需",4.0,A1,foundation,daily_life_home_and_objects,,/niːd/,need_us.mp3,zk gk,5,132,132,OXFORD_REPO,ECDICT,private_study_only,T,T,Multiple or mismatched POS/sense candidates. | ECDICT Chinese field contains multiple glosses; select only the target-sense translation.
water_n_1,water,n.,"liquid without colour, smell or taste that falls as rain, is in lakes, rivers and seas, and is used for drinking, washing, etc.","liquid without colour, smell or taste that falls as rain, is in lakes, rivers and seas, and is used for drinking, washing, etc.","水, 雨水, 海水, 水位, 水面, 流水",4.0,A1,foundation,daily_life_home_and_objects,,/ˈwɔːtər/,water_us.mp3,zk gk ielts,5,236,226,OXFORD_REPO,ECDICT,private_study_only,T,T,ECDICT Chinese field contains multiple glosses; select only the target-sense translation.
wash_v_1,wash,v.,to make something/somebody clean using water and usually soap,to make something/somebody clean using water and usually soap,"洗, 洗涤, 洗清, 用水冲洗, 流过, 弄湿, 粉刷, 镀金属薄层于",4.0,A1,foundation,daily_life_home_and_objects,,/wɑːʃ/,wash_us.mp3,zk gk,3,1853,2143,OXFORD_REPO,ECDICT,private_study_only,T,T,ECDICT Chinese field contains multiple glosses; select only the target-sense translation.
cook_v_1,cook,v.,"to prepare food by heating it, for example by boiling, baking or frying it","to prepare food by heating it, for example by boiling, baking or frying it","烹调, 煮饭, 加热",4.0,A1,foundation,daily_life_home_and_objects,,/kʊk/,cook_us.mp3,zk gk,4,2338,1419,OXFORD_REPO,ECDICT,private_study_only,T,T,ECDICT Chinese field contains multiple glosses; select only the target-sense translation.
oven_n_1,oven,n.,"the part of a cooker that is like a box with a door on the front, in which food is cooked or heated","the part of a cooker that is like a box with a door on the front, in which food is cooked or heated","烤箱, 灶, 子宫",4.0,A2,foundation,daily_life_home_and_objects,,/ˈʌvn/,oven_us.mp3,cet4 cet6 ky toefl,2,4188,2920,OXFORD_REPO,ECDICT,private_study_only,T,T,ECDICT Chinese field contains multiple glosses; select only the target-sense translation.
move_v_1,move,v.,"to change position or make somebody/something change position in a way that can be seen, heard or felt","to change position or make somebody/something change position in a way that can be seen, heard or felt","移动, 开动, 感动, 搬(家)",4.0,A1,foundation,daily_life_home_and_objects,,/muːv/,move_us.mp3,zk gk,5,220,207,OXFORD_REPO,ECDICT,private_study_only,T,T,ECDICT Chinese field contains multiple glosses; select only the target-sense translation.
own_v_1,own,v.,"to have something that belongs to you, especially because you have bought it","to have something that belongs to you, especially because you have bought it","拥有, 支配, 自认, 承认, 顺从于",4.0,A2,foundation,daily_life_home_and_objects,,/əʊn/,own_us.mp3,zk gk,5,118,148,OXFORD_REPO,ECDICT,private_study_only,T,T,ECDICT Chinese field contains multiple glosses; select only the target-sense translation.
repair_v_1,repair,v.,"to fix something that is broken, damaged or torn","to fix something that is broken, damaged or torn","修理, 修补, 补救, 恢复, 补偿",4.0,A2,foundation,daily_life_home_and_objects,,/rɪˈper/,repair_us.mp3,zk gk cet4 cet6 ky toefl ielts,3,2940,3874,OXFORD_REPO,ECDICT,private_study_only,T,T,ECDICT Chinese field contains multiple glosses; select only the target-sense translation.
electricity_n_1,electricity,n.,"form of energy from charged elementary particles, usually supplied as electric current through cables, wires, etc. for lighting, heating, driving machines, etc.","form of energy from charged elementary particles, usually supplied as electric current through cables, wires, etc. for lighting, heating, driving machines, etc.","电, 电流, 电学, 热情, 电力供应",4.0,A2,foundation,daily_life_home_and_objects,,/ɪˌlekˈtrɪsəti/,electricity_us.mp3,gk cet4 cet6 ky ielts,3,2296,2719,OXFORD_REPO,ECDICT,private_study_only,T,T,ECDICT Chinese field contains multiple glosses; select only the target-sense translation.
fix_v_1,fix,v.,to repair or correct something,to repair or correct something,"使固定, 修理, 准备, 安装, 凝视, 牢记, 确定, 整理",4.0,A2,foundation,daily_life_home_and_objects,,/fɪks/,fix_us.mp3,zk gk cet4 cet6 ky,3,1954,1850,OXFORD_REPO,ECDICT,private_study_only,T,T,Curriculum CEFR estimate overrides unreliable/missing source level. | ECDICT Chinese field contains multiple glosses; select only the target-sense translation.
basket_n_1,basket,n.,"container for holding or carrying things. Baskets are made of long thin pieces of material that bends and twists easily, for example plastic, wire or wicker.","container for holding or carrying things. Baskets are made of long thin pieces of material that bends and twists easily, for example plastic, wire or wicker.","篮, 篮子",4.0,A2,foundation,daily_life_home_and_objects,,/ˈbæskɪt/,basket_us.mp3,zk gk,2,3828,3255,OXFORD_REPO,ECDICT,private_study_only,T,T,Curriculum CEFR estimate overrides unreliable/missing source level. | ECDICT Chinese field contains multiple glosses; select only the target-sense translation.
comfortable_adj_1,comfortable,adj.,"making you feel physically relaxed; pleasant to wear, sit on, etc.","making you feel physically relaxed; pleasant to wear, sit on, etc.","舒服的, 轻松的",4.0,A2,foundation,daily_life_home_and_objects,,/ˈkʌmftəbl/,comfortable_us.mp3,zk gk cet4 cet6 ky ielts,3,2195,1701,OXFORD_REPO,ECDICT,private_study_only,T,T,ECDICT Chinese field contains multiple glosses; select only the target-sense translation.
safe_adj_1,safe,adj.,"protected from any danger, harm or loss","protected from any danger, harm or loss","安全的, 可靠的, 平安的, 稳健的, 有把握的",4.0,A2,foundation,daily_life_home_and_objects,,/seɪf/,safe_us.mp3,zk gk cet4 cet6 ky ielts gre,4,1244,1058,OXFORD_REPO,ECDICT,private_study_only,T,T,ECDICT Chinese field contains multiple glosses; select only the target-sense translation.
rent_v_1,rent,v.,"to pay money to use a home, room, or object for a period of time","to pay money to use a home, room, or object for a period of time",租用；租住,4.0,B1,foundation,daily_life_home_and_objects,,/rent/,rent_us.mp3,gk cet4 cet6 ky toefl ielts gre,3,2386,3433,CURATED_FROM_SOURCES,ECDICT,private_study_only,T,T,AI-assisted verb sense; verify manually. | Polysemous word; confirm selected sense boundary. | ECDICT Chinese field contains multiple glosses; select only the target-sense translation.
refrigerator_n_1,refrigerator,n.,white goods in which food can be stored at low temperatures,white goods in which food can be stored at low temperatures,"电冰箱, 冷藏库",4.0,A2,foundation,daily_life_home_and_objects,,ri'fridʒәreitә,,gk cet4 cet6 toefl,1,9857,4133,ECDICT,ECDICT,mit_dataset,F,T,Curriculum CEFR estimate overrides unreliable/missing source level. | Oxford entry missing; definition/IPA use ECDICT fallback. | Multiple or mismatched POS/sense candidates. | ECDICT Chinese field contains multiple glosses; select only the target-sense translation.
stove_n_1,stove,n.,a kitchen appliance used for cooking food,a kitchen appliance used for cooking food,"火炉, 窑",4.0,A2,foundation,daily_life_home_and_objects,,stәuv,,gk cet4 cet6 ky toefl,1,6609,4388,ECDICT,ECDICT,mit_dataset,F,T,Curriculum CEFR estimate overrides unreliable/missing source level. | Oxford entry missing; definition/IPA use ECDICT fallback. | Multiple or mismatched POS/sense candidates. | ECDICT Chinese field contains multiple glosses; select only the target-sense translation.
