todo_id,sense_id,headword,level_number,task_type,required_count,source_evidence_available,instructions,human_review,review_reason,status
examples_family_n_1,family_n_1,family,1,author_practice_examples,2,T,"Write two original American-English examples for the selected sense; use source evidence only as usage guidance, not as text to lightly paraphrase.",T,Original examples and Chinese translations require content review.,pending
examples_parent_n_1,parent_n_1,parent,1,author_practice_examples,2,T,"Write two original American-English examples for the selected sense; use source evidence only as usage guidance, not as text to lightly paraphrase.",T,Original examples and Chinese translations require content review.,pending
examples_mother_n_1,mother_n_1,mother,1,author_practice_examples,2,T,"Write two original American-English examples for the selected sense; use source evidence only as usage guidance, not as text to lightly paraphrase.",T,Original examples and Chinese translations require content review.,pending
examples_child_n_1,child_n_1,child,1,author_practice_examples,2,T,"Write two original American-English examples for the selected sense; use source evidence only as usage guidance, not as text to lightly paraphrase.",T,Original examples and Chinese translations require content review.,pending
examples_father_n_1,father_n_1,father,1,author_practice_examples,2,T,"Write two original American-English examples for the selected sense; use source evidence only as usage guidance, not as text to lightly paraphrase.",T,Original examples and Chinese translations require content review.,pending
examples_son_n_1,son_n_1,son,1,author_practice_examples,2,T,"Write two original American-English examples for the selected sense; use source evidence only as usage guidance, not as text to lightly paraphrase.",T,Original examples and Chinese translations require content review.,pending
examples_daughter_n_1,daughter_n_1,daughter,1,author_practice_examples,2,T,"Write two original American-English examples for the selected sense; use source evidence only as usage guidance, not as text to lightly paraphrase.",T,Original examples and Chinese translations require content review.,pending
examples_baby_n_1,baby_n_1,baby,1,author_practice_examples,2,T,"Write two original American-English examples for the selected sense; use source evidence only as usage guidance, not as text to lightly paraphrase.",T,Original examples and Chinese translations require content review.,pending
examples_brother_n_1,brother_n_1,brother,1,author_practice_examples,2,T,"Write two original American-English examples for the selected sense; use source evidence only as usage guidance, not as text to lightly paraphrase.",T,Original examples and Chinese translations require content review.,pending
examples_dad_n_1,dad_n_1,dad,1,author_practice_examples,2,T,"Write two original American-English examples for the selected sense; use source evidence only as usage guidance, not as text to lightly paraphrase.",T,Original examples and Chinese translations require content review.,pending
examples_husband_n_1,husband_n_1,husband,1,author_practice_examples,2,T,"Write two original American-English examples for the selected sense; use source evidence only as usage guidance, not as text to lightly paraphrase.",T,Original examples and Chinese translations require content review.,pending
examples_wife_n_1,wife_n_1,wife,1,author_practice_examples,2,T,"Write two original American-English examples for the selected sense; use source evidence only as usage guidance, not as text to lightly paraphrase.",T,Original examples and Chinese translations require content review.,pending
examples_sister_n_1,sister_n_1,sister,1,author_practice_examples,2,T,"Write two original American-English examples for the selected sense; use source evidence only as usage guidance, not as text to lightly paraphrase.",T,Original examples and Chinese translations require content review.,pending
examples_couple_n_1,couple_n_1,couple,1,author_practice_examples,2,T,"Write two original American-English examples for the selected sense; use source evidence only as usage guidance, not as text to lightly paraphrase.",T,Original examples and Chinese translations require content review.,pending
examples_married_adj_1,married_adj_1,married,1,author_practice_examples,2,T,"Write two original American-English examples for the selected sense; use source evidence only as usage guidance, not as text to lightly paraphrase.",T,Original examples and Chinese translations require content review.,pending
examples_adult_n_1,adult_n_1,adult,1,author_practice_examples,2,T,"Write two original American-English examples for the selected sense; use source evidence only as usage guidance, not as text to lightly paraphrase.",T,Original examples and Chinese translations require content review.,pending
examples_person_n_1,person_n_1,person,1,author_practice_examples,2,T,"Write two original American-English examples for the selected sense; use source evidence only as usage guidance, not as text to lightly paraphrase.",T,Original examples and Chinese translations require content review.,pending
examples_aunt_n_1,aunt_n_1,aunt,1,author_practice_examples,2,T,"Write two original American-English examples for the selected sense; use source evidence only as usage guidance, not as text to lightly paraphrase.",T,Original examples and Chinese translations require content review.,pending
examples_boy_n_1,boy_n_1,boy,1,author_practice_examples,2,T,"Write two original American-English examples for the selected sense; use source evidence only as usage guidance, not as text to lightly paraphrase.",T,Original examples and Chinese translations require content review.,pending
examples_girl_n_1,girl_n_1,girl,1,author_practice_examples,2,T,"Write two original American-English examples for the selected sense; use source evidence only as usage guidance, not as text to lightly paraphrase.",T,Original examples and Chinese translations require content review.,pending
examples_marriage_n_1,marriage_n_1,marriage,1,author_practice_examples,2,T,"Write two original American-English examples for the selected sense; use source evidence only as usage guidance, not as text to lightly paraphrase.",T,Original examples and Chinese translations require content review.,pending
examples_uncle_n_1,uncle_n_1,uncle,1,author_practice_examples,2,T,"Write two original American-English examples for the selected sense; use source evidence only as usage guidance, not as text to lightly paraphrase.",T,Original examples and Chinese translations require content review.,pending
examples_cousin_n_1,cousin_n_1,cousin,1,author_practice_examples,2,T,"Write two original American-English examples for the selected sense; use source evidence only as usage guidance, not as text to lightly paraphrase.",T,Original examples and Chinese translations require content review.,pending
examples_man_n_1,man_n_1,man,1,author_practice_examples,2,T,"Write two original American-English examples for the selected sense; use source evidence only as usage guidance, not as text to lightly paraphrase.",T,Original examples and Chinese translations require content review.,pending
examples_woman_n_1,woman_n_1,woman,1,author_practice_examples,2,T,"Write two original American-English examples for the selected sense; use source evidence only as usage guidance, not as text to lightly paraphrase.",T,Original examples and Chinese translations require content review.,pending
examples_age_n_1,age_n_1,age,1,author_practice_examples,2,T,"Write two original American-English examples for the selected sense; use source evidence only as usage guidance, not as text to lightly paraphrase.",T,Original examples and Chinese translations require content review.,pending
examples_relative_n_1,relative_n_1,relative,1,author_practice_examples,2,T,"Write two original American-English examples for the selected sense; use source evidence only as usage guidance, not as text to lightly paraphrase.",T,Original examples and Chinese translations require content review.,pending
examples_grandmother_n_1,grandmother_n_1,grandmother,1,author_practice_examples,2,T,"Write two original American-English examples for the selected sense; use source evidence only as usage guidance, not as text to lightly paraphrase.",T,Original examples and Chinese translations require content review.,pending
examples_people_n_1,people_n_1,people,1,author_practice_examples,2,T,"Write two original American-English examples for the selected sense; use source evidence only as usage guidance, not as text to lightly paraphrase.",T,Original examples and Chinese translations require content review.,pending
examples_grandfather_n_1,grandfather_n_1,grandfather,1,author_practice_examples,2,T,"Write two original American-English examples for the selected sense; use source evidence only as usage guidance, not as text to lightly paraphrase.",T,Original examples and Chinese translations require content review.,pending
examples_friend_n_1,friend_n_1,friend,1,author_practice_examples,2,T,"Write two original American-English examples for the selected sense; use source evidence only as usage guidance, not as text to lightly paraphrase.",T,Original examples and Chinese translations require content review.,pending
examples_kid_n_1,kid_n_1,kid,1,author_practice_examples,2,T,"Write two original American-English examples for the selected sense; use source evidence only as usage guidance, not as text to lightly paraphrase.",T,Original examples and Chinese translations require content review.,pending
examples_mom_n_1,mom_n_1,mom,1,author_practice_examples,2,F,"Write two original American-English examples for the selected sense; use source evidence only as usage guidance, not as text to lightly paraphrase.",T,Original examples and Chinese translations require content review.,pending
examples_name_n_1,name_n_1,name,1,author_practice_examples,2,T,"Write two original American-English examples for the selected sense; use source evidence only as usage guidance, not as text to lightly paraphrase.",T,Original examples and Chinese translations require content review.,pending
examples_young_adj_1,young_adj_1,young,1,author_practice_examples,2,T,"Write two original American-English examples for the selected sense; use source evidence only as usage guidance, not as text to lightly paraphrase.",T,Original examples and Chinese translations require content review.,pending
examples_grandparent_n_1,grandparent_n_1,grandparent,1,author_practice_examples,2,T,"Write two original American-English examples for the selected sense; use source evidence only as usage guidance, not as text to lightly paraphrase.",T,Original examples and Chinese translations require content review.,pending
examples_old_adj_1,old_adj_1,old,1,author_practice_examples,2,T,"Write two original American-English examples for the selected sense; use source evidence only as usage guidance, not as text to lightly paraphrase.",T,Original examples and Chinese translations require content review.,pending
examples_partner_n_1,partner_n_1,partner,1,author_practice_examples,2,T,"Write two original American-English examples for the selected sense; use source evidence only as usage guidance, not as text to lightly paraphrase.",T,Original examples and Chinese translations require content review.,pending
examples_teenager_n_1,teenager_n_1,teenager,1,author_practice_examples,2,T,"Write two original American-English examples for the selected sense; use source evidence only as usage guidance, not as text to lightly paraphrase.",T,Original examples and Chinese translations require content review.,pending
examples_twin_n_1,twin_n_1,twin,1,author_practice_examples,2,T,"Write two original American-English examples for the selected sense; use source evidence only as usage guidance, not as text to lightly paraphrase.",T,Original examples and Chinese translations require content review.,pending
examples_grandson_n_1,grandson_n_1,grandson,1,author_practice_examples,2,F,"Write two original American-English examples for the selected sense; use source evidence only as usage guidance, not as text to lightly paraphrase.",T,Original examples and Chinese translations require content review.,pending
examples_granddaughter_n_1,granddaughter_n_1,granddaughter,1,author_practice_examples,2,F,"Write two original American-English examples for the selected sense; use source evidence only as usage guidance, not as text to lightly paraphrase.",T,Original examples and Chinese translations require content review.,pending
examples_nephew_n_1,nephew_n_1,nephew,1,author_practice_examples,2,F,"Write two original American-English examples for the selected sense; use source evidence only as usage guidance, not as text to lightly paraphrase.",T,Original examples and Chinese translations require content review.,pending
examples_neighbor_n_1,neighbor_n_1,neighbor,1,author_practice_examples,2,F,"Write two original American-English examples for the selected sense; use source evidence only as usage guidance, not as text to lightly paraphrase.",T,Original examples and Chinese translations require content review.,pending
examples_niece_n_1,niece_n_1,niece,1,author_practice_examples,2,F,"Write two original American-English examples for the selected sense; use source evidence only as usage guidance, not as text to lightly paraphrase.",T,Original examples and Chinese translations require content review.,pending
examples_short_adj_1,short_adj_1,short,2,author_practice_examples,2,T,"Write two original American-English examples for the selected sense; use source evidence only as usage guidance, not as text to lightly paraphrase.",T,Original examples and Chinese translations require content review.,pending
examples_grow_v_1,grow_v_1,grow,2,author_practice_examples,2,T,"Write two original American-English examples for the selected sense; use source evidence only as usage guidance, not as text to lightly paraphrase.",T,Original examples and Chinese translations require content review.,pending
examples_birth_n_1,birth_n_1,birth,2,author_practice_examples,2,T,"Write two original American-English examples for the selected sense; use source evidence only as usage guidance, not as text to lightly paraphrase.",T,Original examples and Chinese translations require content review.,pending
examples_heavy_adj_1,heavy_adj_1,heavy,2,author_practice_examples,2,T,"Write two original American-English examples for the selected sense; use source evidence only as usage guidance, not as text to lightly paraphrase.",T,Original examples and Chinese translations require content review.,pending
examples_strong_adj_1,strong_adj_1,strong,2,author_practice_examples,2,T,"Write two original American-English examples for the selected sense; use source evidence only as usage guidance, not as text to lightly paraphrase.",T,Original examples and Chinese translations require content review.,pending
examples_height_n_1,height_n_1,height,2,author_practice_examples,2,T,"Write two original American-English examples for the selected sense; use source evidence only as usage guidance, not as text to lightly paraphrase.",T,Original examples and Chinese translations require content review.,pending
examples_face_n_1,face_n_1,face,2,author_practice_examples,2,T,"Write two original American-English examples for the selected sense; use source evidence only as usage guidance, not as text to lightly paraphrase.",T,Original examples and Chinese translations require content review.,pending
examples_beautiful_adj_1,beautiful_adj_1,beautiful,2,author_practice_examples,2,T,"Write two original American-English examples for the selected sense; use source evidence only as usage guidance, not as text to lightly paraphrase.",T,Original examples and Chinese translations require content review.,pending
examples_youth_n_1,youth_n_1,youth,2,author_practice_examples,2,T,"Write two original American-English examples for the selected sense; use source evidence only as usage guidance, not as text to lightly paraphrase.",T,Original examples and Chinese translations require content review.,pending
examples_eye_n_1,eye_n_1,eye,2,author_practice_examples,2,T,"Write two original American-English examples for the selected sense; use source evidence only as usage guidance, not as text to lightly paraphrase.",T,Original examples and Chinese translations require content review.,pending
examples_tall_adj_1,tall_adj_1,tall,2,author_practice_examples,2,T,"Write two original American-English examples for the selected sense; use source evidence only as usage guidance, not as text to lightly paraphrase.",T,Original examples and Chinese translations require content review.,pending
examples_born_v_1,born_v_1,born,2,author_practice_examples,2,T,"Write two original American-English examples for the selected sense; use source evidence only as usage guidance, not as text to lightly paraphrase.",T,Original examples and Chinese translations require content review.,pending
examples_hair_n_1,hair_n_1,hair,2,author_practice_examples,2,T,"Write two original American-English examples for the selected sense; use source evidence only as usage guidance, not as text to lightly paraphrase.",T,Original examples and Chinese translations require content review.,pending
examples_pretty_adj_1,pretty_adj_1,pretty,2,author_practice_examples,2,T,"Write two original American-English examples for the selected sense; use source evidence only as usage guidance, not as text to lightly paraphrase.",T,Original examples and Chinese translations require content review.,pending
examples_thin_adj_1,thin_adj_1,thin,2,author_practice_examples,2,T,"Write two original American-English examples for the selected sense; use source evidence only as usage guidance, not as text to lightly paraphrase.",T,Original examples and Chinese translations require content review.,pending
examples_healthy_adj_1,healthy_adj_1,healthy,2,author_practice_examples,2,T,"Write two original American-English examples for the selected sense; use source evidence only as usage guidance, not as text to lightly paraphrase.",T,Original examples and Chinese translations require content review.,pending
examples_weak_adj_1,weak_adj_1,weak,2,author_practice_examples,2,T,"Write two original American-English examples for the selected sense; use source evidence only as usage guidance, not as text to lightly paraphrase.",T,Original examples and Chinese translations require content review.,pending
examples_hand_n_1,hand_n_1,hand,2,author_practice_examples,2,T,"Write two original American-English examples for the selected sense; use source evidence only as usage guidance, not as text to lightly paraphrase.",T,Original examples and Chinese translations require content review.,pending
examples_foot_n_1,foot_n_1,foot,2,author_practice_examples,2,T,"Write two original American-English examples for the selected sense; use source evidence only as usage guidance, not as text to lightly paraphrase.",T,Original examples and Chinese translations require content review.,pending
examples_head_n_1,head_n_1,head,2,author_practice_examples,2,T,"Write two original American-English examples for the selected sense; use source evidence only as usage guidance, not as text to lightly paraphrase.",T,Original examples and Chinese translations require content review.,pending
examples_body_n_1,body_n_1,body,2,author_practice_examples,2,T,"Write two original American-English examples for the selected sense; use source evidence only as usage guidance, not as text to lightly paraphrase.",T,Original examples and Chinese translations require content review.,pending
examples_arm_n_1,arm_n_1,arm,2,author_practice_examples,2,T,"Write two original American-English examples for the selected sense; use source evidence only as usage guidance, not as text to lightly paraphrase.",T,Original examples and Chinese translations require content review.,pending
examples_nose_n_1,nose_n_1,nose,2,author_practice_examples,2,T,"Write two original American-English examples for the selected sense; use source evidence only as usage guidance, not as text to lightly paraphrase.",T,Original examples and Chinese translations require content review.,pending
examples_mouth_n_1,mouth_n_1,mouth,2,author_practice_examples,2,T,"Write two original American-English examples for the selected sense; use source evidence only as usage guidance, not as text to lightly paraphrase.",T,Original examples and Chinese translations require content review.,pending
examples_childhood_n_1,childhood_n_1,childhood,2,author_practice_examples,2,T,"Write two original American-English examples for the selected sense; use source evidence only as usage guidance, not as text to lightly paraphrase.",T,Original examples and Chinese translations require content review.,pending
examples_skin_n_1,skin_n_1,skin,2,author_practice_examples,2,T,"Write two original American-English examples for the selected sense; use source evidence only as usage guidance, not as text to lightly paraphrase.",T,Original examples and Chinese translations require content review.,pending
examples_ear_n_1,ear_n_1,ear,2,author_practice_examples,2,T,"Write two original American-English examples for the selected sense; use source evidence only as usage guidance, not as text to lightly paraphrase.",T,Original examples and Chinese translations require content review.,pending
examples_leg_n_1,leg_n_1,leg,2,author_practice_examples,2,T,"Write two original American-English examples for the selected sense; use source evidence only as usage guidance, not as text to lightly paraphrase.",T,Original examples and Chinese translations require content review.,pending
examples_tooth_n_1,tooth_n_1,tooth,2,author_practice_examples,2,T,"Write two original American-English examples for the selected sense; use source evidence only as usage guidance, not as text to lightly paraphrase.",T,Original examples and Chinese translations require content review.,pending
examples_single_adj_1,single_adj_1,single,2,author_practice_examples,2,T,"Write two original American-English examples for the selected sense; use source evidence only as usage guidance, not as text to lightly paraphrase.",T,Original examples and Chinese translations require content review.,pending
examples_look_n_1,look_n_1,look,2,author_practice_examples,2,T,"Write two original American-English examples for the selected sense; use source evidence only as usage guidance, not as text to lightly paraphrase.",T,Original examples and Chinese translations require content review.,pending
examples_laugh_v_1,laugh_v_1,laugh,2,author_practice_examples,2,T,"Write two original American-English examples for the selected sense; use source evidence only as usage guidance, not as text to lightly paraphrase.",T,Original examples and Chinese translations require content review.,pending
examples_voice_n_1,voice_n_1,voice,2,author_practice_examples,2,T,"Write two original American-English examples for the selected sense; use source evidence only as usage guidance, not as text to lightly paraphrase.",T,Original examples and Chinese translations require content review.,pending
examples_smile_v_1,smile_v_1,smile,2,author_practice_examples,2,T,"Write two original American-English examples for the selected sense; use source evidence only as usage guidance, not as text to lightly paraphrase.",T,Original examples and Chinese translations require content review.,pending
examples_appearance_n_1,appearance_n_1,appearance,2,author_practice_examples,2,T,"Write two original American-English examples for the selected sense; use source evidence only as usage guidance, not as text to lightly paraphrase.",T,Original examples and Chinese translations require content review.,pending
examples_dead_adj_1,dead_adj_1,dead,2,author_practice_examples,2,T,"Write two original American-English examples for the selected sense; use source evidence only as usage guidance, not as text to lightly paraphrase.",T,Original examples and Chinese translations require content review.,pending
examples_male_adj_1,male_adj_1,male,2,author_practice_examples,2,T,"Write two original American-English examples for the selected sense; use source evidence only as usage guidance, not as text to lightly paraphrase.",T,Original examples and Chinese translations require content review.,pending
examples_female_adj_1,female_adj_1,female,2,author_practice_examples,2,T,"Write two original American-English examples for the selected sense; use source evidence only as usage guidance, not as text to lightly paraphrase.",T,Original examples and Chinese translations require content review.,pending
examples_cute_adj_1,cute_adj_1,cute,2,author_practice_examples,2,T,"Write two original American-English examples for the selected sense; use source evidence only as usage guidance, not as text to lightly paraphrase.",T,Original examples and Chinese translations require content review.,pending
examples_alive_adj_1,alive_adj_1,alive,2,author_practice_examples,2,T,"Write two original American-English examples for the selected sense; use source evidence only as usage guidance, not as text to lightly paraphrase.",T,Original examples and Chinese translations require content review.,pending
examples_handsome_adj_1,handsome_adj_1,handsome,2,author_practice_examples,2,F,"Write two original American-English examples for the selected sense; use source evidence only as usage guidance, not as text to lightly paraphrase.",T,Original examples and Chinese translations require content review.,pending
examples_elderly_adj_1,elderly_adj_1,elderly,2,author_practice_examples,2,T,"Write two original American-English examples for the selected sense; use source evidence only as usage guidance, not as text to lightly paraphrase.",T,Original examples and Chinese translations require content review.,pending
examples_pregnant_adj_1,pregnant_adj_1,pregnant,2,author_practice_examples,2,T,"Write two original American-English examples for the selected sense; use source evidence only as usage guidance, not as text to lightly paraphrase.",T,Original examples and Chinese translations require content review.,pending
examples_beard_n_1,beard_n_1,beard,2,author_practice_examples,2,F,"Write two original American-English examples for the selected sense; use source evidence only as usage guidance, not as text to lightly paraphrase.",T,Original examples and Chinese translations require content review.,pending
examples_slim_adj_1,slim_adj_1,slim,2,author_practice_examples,2,F,"Write two original American-English examples for the selected sense; use source evidence only as usage guidance, not as text to lightly paraphrase.",T,Original examples and Chinese translations require content review.,pending
examples_care_v_1,care_v_1,care,3,author_practice_examples,2,T,"Write two original American-English examples for the selected sense; use source evidence only as usage guidance, not as text to lightly paraphrase.",T,Original examples and Chinese translations require content review.,pending
examples_support_v_1,support_v_1,support,3,author_practice_examples,2,T,"Write two original American-English examples for the selected sense; use source evidence only as usage guidance, not as text to lightly paraphrase.",T,Original examples and Chinese translations require content review.,pending
examples_love_v_1,love_v_1,love,3,author_practice_examples,2,T,"Write two original American-English examples for the selected sense; use source evidence only as usage guidance, not as text to lightly paraphrase.",T,Original examples and Chinese translations require content review.,pending
examples_help_v_1,help_v_1,help,3,author_practice_examples,2,T,"Write two original American-English examples for the selected sense; use source evidence only as usage guidance, not as text to lightly paraphrase.",T,Original examples and Chinese translations require content review.,pending
examples_live_v_1,live_v_1,live,3,author_practice_examples,2,T,"Write two original American-English examples for the selected sense; use source evidence only as usage guidance, not as text to lightly paraphrase.",T,Original examples and Chinese translations require content review.,pending
examples_share_v_1,share_v_1,share,3,author_practice_examples,2,T,"Write two original American-English examples for the selected sense; use source evidence only as usage guidance, not as text to lightly paraphrase.",T,Original examples and Chinese translations require content review.,pending
examples_visit_v_1,visit_v_1,visit,3,author_practice_examples,2,T,"Write two original American-English examples for the selected sense; use source evidence only as usage guidance, not as text to lightly paraphrase.",T,Original examples and Chinese translations require content review.,pending
examples_meet_v_1,meet_v_1,meet,3,author_practice_examples,2,T,"Write two original American-English examples for the selected sense; use source evidence only as usage guidance, not as text to lightly paraphrase.",T,Original examples and Chinese translations require content review.,pending
examples_relationship_n_1,relationship_n_1,relationship,3,author_practice_examples,2,T,"Write two original American-English examples for the selected sense; use source evidence only as usage guidance, not as text to lightly paraphrase.",T,Original examples and Chinese translations require content review.,pending
examples_remember_v_1,remember_v_1,remember,3,author_practice_examples,2,T,"Write two original American-English examples for the selected sense; use source evidence only as usage guidance, not as text to lightly paraphrase.",T,Original examples and Chinese translations require content review.,pending
examples_know_v_1,know_v_1,know,3,author_practice_examples,2,T,"Write two original American-English examples for the selected sense; use source evidence only as usage guidance, not as text to lightly paraphrase.",T,Original examples and Chinese translations require content review.,pending
examples_nice_adj_1,nice_adj_1,nice,3,author_practice_examples,2,T,"Write two original American-English examples for the selected sense; use source evidence only as usage guidance, not as text to lightly paraphrase.",T,Original examples and Chinese translations require content review.,pending
examples_kind_adj_1,kind_adj_1,kind,3,author_practice_examples,2,T,"Write two original American-English examples for the selected sense; use source evidence only as usage guidance, not as text to lightly paraphrase.",T,Original examples and Chinese translations require content review.,pending
examples_respect_v_1,respect_v_1,respect,3,author_practice_examples,2,T,"Write two original American-English examples for the selected sense; use source evidence only as usage guidance, not as text to lightly paraphrase.",T,Original examples and Chinese translations require content review.,pending
examples_culture_n_1,culture_n_1,culture,3,author_practice_examples,2,T,"Write two original American-English examples for the selected sense; use source evidence only as usage guidance, not as text to lightly paraphrase.",T,Original examples and Chinese translations require content review.,pending
examples_friendly_adj_1,friendly_adj_1,friendly,3,author_practice_examples,2,T,"Write two original American-English examples for the selected sense; use source evidence only as usage guidance, not as text to lightly paraphrase.",T,Original examples and Chinese translations require content review.,pending
examples_community_n_1,community_n_1,community,3,author_practice_examples,2,T,"Write two original American-English examples for the selected sense; use source evidence only as usage guidance, not as text to lightly paraphrase.",T,Original examples and Chinese translations require content review.,pending
examples_quiet_adj_1,quiet_adj_1,quiet,3,author_practice_examples,2,T,"Write two original American-English examples for the selected sense; use source evidence only as usage guidance, not as text to lightly paraphrase.",T,Original examples and Chinese translations require content review.,pending
examples_role_n_1,role_n_1,role,3,author_practice_examples,2,T,"Write two original American-English examples for the selected sense; use source evidence only as usage guidance, not as text to lightly paraphrase.",T,Original examples and Chinese translations require content review.,pending
examples_trust_n_1,trust_n_1,trust,3,author_practice_examples,2,T,"Write two original American-English examples for the selected sense; use source evidence only as usage guidance, not as text to lightly paraphrase.",T,Original examples and Chinese translations require content review.,pending
examples_responsibility_n_1,responsibility_n_1,responsibility,3,author_practice_examples,2,T,"Write two original American-English examples for the selected sense; use source evidence only as usage guidance, not as text to lightly paraphrase.",T,Original examples and Chinese translations require content review.,pending
examples_active_adj_1,active_adj_1,active,3,author_practice_examples,2,T,"Write two original American-English examples for the selected sense; use source evidence only as usage guidance, not as text to lightly paraphrase.",T,Original examples and Chinese translations require content review.,pending
examples_independent_adj_1,independent_adj_1,independent,3,author_practice_examples,2,T,"Write two original American-English examples for the selected sense; use source evidence only as usage guidance, not as text to lightly paraphrase.",T,Original examples and Chinese translations require content review.,pending
examples_honest_adj_1,honest_adj_1,honest,3,author_practice_examples,2,T,"Write two original American-English examples for the selected sense; use source evidence only as usage guidance, not as text to lightly paraphrase.",T,Original examples and Chinese translations require content review.,pending
examples_raise_v_1,raise_v_1,raise,3,author_practice_examples,2,T,"Write two original American-English examples for the selected sense; use source evidence only as usage guidance, not as text to lightly paraphrase.",T,Original examples and Chinese translations require content review.,pending
examples_value_n_1,value_n_1,value,3,author_practice_examples,2,T,"Write two original American-English examples for the selected sense; use source evidence only as usage guidance, not as text to lightly paraphrase.",T,Original examples and Chinese translations require content review.,pending
examples_different_adj_1,different_adj_1,different,3,author_practice_examples,2,T,"Write two original American-English examples for the selected sense; use source evidence only as usage guidance, not as text to lightly paraphrase.",T,Original examples and Chinese translations require content review.,pending
examples_argument_n_1,argument_n_1,argument,3,author_practice_examples,2,T,"Write two original American-English examples for the selected sense; use source evidence only as usage guidance, not as text to lightly paraphrase.",T,Original examples and Chinese translations require content review.,pending
examples_agree_v_1,agree_v_1,agree,3,author_practice_examples,2,T,"Write two original American-English examples for the selected sense; use source evidence only as usage guidance, not as text to lightly paraphrase.",T,Original examples and Chinese translations require content review.,pending
examples_similar_adj_1,similar_adj_1,similar,3,author_practice_examples,2,T,"Write two original American-English examples for the selected sense; use source evidence only as usage guidance, not as text to lightly paraphrase.",T,Original examples and Chinese translations require content review.,pending
examples_polite_adj_1,polite_adj_1,polite,3,author_practice_examples,2,T,"Write two original American-English examples for the selected sense; use source evidence only as usage guidance, not as text to lightly paraphrase.",T,Original examples and Chinese translations require content review.,pending
examples_attitude_n_1,attitude_n_1,attitude,3,author_practice_examples,2,T,"Write two original American-English examples for the selected sense; use source evidence only as usage guidance, not as text to lightly paraphrase.",T,Original examples and Chinese translations require content review.,pending
examples_responsible_adj_1,responsible_adj_1,responsible,3,author_practice_examples,2,T,"Write two original American-English examples for the selected sense; use source evidence only as usage guidance, not as text to lightly paraphrase.",T,Original examples and Chinese translations require content review.,pending
examples_tradition_n_1,tradition_n_1,tradition,3,author_practice_examples,2,T,"Write two original American-English examples for the selected sense; use source evidence only as usage guidance, not as text to lightly paraphrase.",T,Original examples and Chinese translations require content review.,pending
examples_together_adv_1,together_adv_1,together,3,author_practice_examples,2,T,"Write two original American-English examples for the selected sense; use source evidence only as usage guidance, not as text to lightly paraphrase.",T,Original examples and Chinese translations require content review.,pending
examples_common_adj_1,common_adj_1,common,3,author_practice_examples,2,T,"Write two original American-English examples for the selected sense; use source evidence only as usage guidance, not as text to lightly paraphrase.",T,Original examples and Chinese translations require content review.,pending
examples_influence_n_1,influence_n_1,influence,3,author_practice_examples,2,T,"Write two original American-English examples for the selected sense; use source evidence only as usage guidance, not as text to lightly paraphrase.",T,Original examples and Chinese translations require content review.,pending
examples_protect_v_1,protect_v_1,protect,3,author_practice_examples,2,T,"Write two original American-English examples for the selected sense; use source evidence only as usage guidance, not as text to lightly paraphrase.",T,Original examples and Chinese translations require content review.,pending
examples_close_adj_1,close_adj_1,close,3,author_practice_examples,2,T,"Write two original American-English examples for the selected sense; use source evidence only as usage guidance, not as text to lightly paraphrase.",T,Original examples and Chinese translations require content review.,pending
examples_alone_adj_1,alone_adj_1,alone,3,author_practice_examples,2,T,"Write two original American-English examples for the selected sense; use source evidence only as usage guidance, not as text to lightly paraphrase.",T,Original examples and Chinese translations require content review.,pending
examples_generation_n_1,generation_n_1,generation,3,author_practice_examples,2,T,"Write two original American-English examples for the selected sense; use source evidence only as usage guidance, not as text to lightly paraphrase.",T,Original examples and Chinese translations require content review.,pending
examples_disagree_v_1,disagree_v_1,disagree,3,author_practice_examples,2,T,"Write two original American-English examples for the selected sense; use source evidence only as usage guidance, not as text to lightly paraphrase.",T,Original examples and Chinese translations require content review.,pending
examples_encourage_v_1,encourage_v_1,encourage,3,author_practice_examples,2,T,"Write two original American-English examples for the selected sense; use source evidence only as usage guidance, not as text to lightly paraphrase.",T,Original examples and Chinese translations require content review.,pending
examples_behavior_n_1,behavior_n_1,behavior,3,author_practice_examples,2,F,"Write two original American-English examples for the selected sense; use source evidence only as usage guidance, not as text to lightly paraphrase.",T,Original examples and Chinese translations require content review.,pending
examples_communicate_v_1,communicate_v_1,communicate,3,author_practice_examples,2,T,"Write two original American-English examples for the selected sense; use source evidence only as usage guidance, not as text to lightly paraphrase.",T,Original examples and Chinese translations require content review.,pending
examples_house_n_1,house_n_1,house,4,author_practice_examples,2,T,"Write two original American-English examples for the selected sense; use source evidence only as usage guidance, not as text to lightly paraphrase.",T,Original examples and Chinese translations require content review.,pending
examples_building_n_1,building_n_1,building,4,author_practice_examples,2,T,"Write two original American-English examples for the selected sense; use source evidence only as usage guidance, not as text to lightly paraphrase.",T,Original examples and Chinese translations require content review.,pending
examples_room_n_1,room_n_1,room,4,author_practice_examples,2,T,"Write two original American-English examples for the selected sense; use source evidence only as usage guidance, not as text to lightly paraphrase.",T,Original examples and Chinese translations require content review.,pending
examples_home_n_1,home_n_1,home,4,author_practice_examples,2,T,"Write two original American-English examples for the selected sense; use source evidence only as usage guidance, not as text to lightly paraphrase.",T,Original examples and Chinese translations require content review.,pending
examples_wall_n_1,wall_n_1,wall,4,author_practice_examples,2,T,"Write two original American-English examples for the selected sense; use source evidence only as usage guidance, not as text to lightly paraphrase.",T,Original examples and Chinese translations require content review.,pending
examples_bedroom_n_1,bedroom_n_1,bedroom,4,author_practice_examples,2,T,"Write two original American-English examples for the selected sense; use source evidence only as usage guidance, not as text to lightly paraphrase.",T,Original examples and Chinese translations require content review.,pending
examples_apartment_n_1,apartment_n_1,apartment,4,author_practice_examples,2,T,"Write two original American-English examples for the selected sense; use source evidence only as usage guidance, not as text to lightly paraphrase.",T,Original examples and Chinese translations require content review.,pending
examples_bathroom_n_1,bathroom_n_1,bathroom,4,author_practice_examples,2,T,"Write two original American-English examples for the selected sense; use source evidence only as usage guidance, not as text to lightly paraphrase.",T,Original examples and Chinese translations require content review.,pending
examples_kitchen_n_1,kitchen_n_1,kitchen,4,author_practice_examples,2,T,"Write two original American-English examples for the selected sense; use source evidence only as usage guidance, not as text to lightly paraphrase.",T,Original examples and Chinese translations require content review.,pending
examples_window_n_1,window_n_1,window,4,author_practice_examples,2,T,"Write two original American-English examples for the selected sense; use source evidence only as usage guidance, not as text to lightly paraphrase.",T,Original examples and Chinese translations require content review.,pending
examples_floor_n_1,floor_n_1,floor,4,author_practice_examples,2,T,"Write two original American-English examples for the selected sense; use source evidence only as usage guidance, not as text to lightly paraphrase.",T,Original examples and Chinese translations require content review.,pending
examples_door_n_1,door_n_1,door,4,author_practice_examples,2,T,"Write two original American-English examples for the selected sense; use source evidence only as usage guidance, not as text to lightly paraphrase.",T,Original examples and Chinese translations require content review.,pending
examples_garden_n_1,garden_n_1,garden,4,author_practice_examples,2,T,"Write two original American-English examples for the selected sense; use source evidence only as usage guidance, not as text to lightly paraphrase.",T,Original examples and Chinese translations require content review.,pending
examples_table_n_1,table_n_1,table,4,author_practice_examples,2,T,"Write two original American-English examples for the selected sense; use source evidence only as usage guidance, not as text to lightly paraphrase.",T,Original examples and Chinese translations require content review.,pending
examples_chair_n_1,chair_n_1,chair,4,author_practice_examples,2,T,"Write two original American-English examples for the selected sense; use source evidence only as usage guidance, not as text to lightly paraphrase.",T,Original examples and Chinese translations require content review.,pending
examples_hall_n_1,hall_n_1,hall,4,author_practice_examples,2,T,"Write two original American-English examples for the selected sense; use source evidence only as usage guidance, not as text to lightly paraphrase.",T,Original examples and Chinese translations require content review.,pending
examples_roof_n_1,roof_n_1,roof,4,author_practice_examples,2,T,"Write two original American-English examples for the selected sense; use source evidence only as usage guidance, not as text to lightly paraphrase.",T,Original examples and Chinese translations require content review.,pending
examples_bed_n_1,bed_n_1,bed,4,author_practice_examples,2,T,"Write two original American-English examples for the selected sense; use source evidence only as usage guidance, not as text to lightly paraphrase.",T,Original examples and Chinese translations require content review.,pending
examples_yard_n_1,yard_n_1,yard,4,author_practice_examples,2,T,"Write two original American-English examples for the selected sense; use source evidence only as usage guidance, not as text to lightly paraphrase.",T,Original examples and Chinese translations require content review.,pending
examples_furniture_n_1,furniture_n_1,furniture,4,author_practice_examples,2,T,"Write two original American-English examples for the selected sense; use source evidence only as usage guidance, not as text to lightly paraphrase.",T,Original examples and Chinese translations require content review.,pending
examples_ceiling_n_1,ceiling_n_1,ceiling,4,author_practice_examples,2,T,"Write two original American-English examples for the selected sense; use source evidence only as usage guidance, not as text to lightly paraphrase.",T,Original examples and Chinese translations require content review.,pending
examples_desk_n_1,desk_n_1,desk,4,author_practice_examples,2,T,"Write two original American-English examples for the selected sense; use source evidence only as usage guidance, not as text to lightly paraphrase.",T,Original examples and Chinese translations require content review.,pending
examples_light_n_1,light_n_1,light,4,author_practice_examples,2,T,"Write two original American-English examples for the selected sense; use source evidence only as usage guidance, not as text to lightly paraphrase.",T,Original examples and Chinese translations require content review.,pending
examples_entrance_n_1,entrance_n_1,entrance,4,author_practice_examples,2,T,"Write two original American-English examples for the selected sense; use source evidence only as usage guidance, not as text to lightly paraphrase.",T,Original examples and Chinese translations require content review.,pending
examples_garage_n_1,garage_n_1,garage,4,author_practice_examples,2,T,"Write two original American-English examples for the selected sense; use source evidence only as usage guidance, not as text to lightly paraphrase.",T,Original examples and Chinese translations require content review.,pending
examples_shelf_n_1,shelf_n_1,shelf,4,author_practice_examples,2,T,"Write two original American-English examples for the selected sense; use source evidence only as usage guidance, not as text to lightly paraphrase.",T,Original examples and Chinese translations require content review.,pending
examples_key_n_1,key_n_1,key,4,author_practice_examples,2,T,"Write two original American-English examples for the selected sense; use source evidence only as usage guidance, not as text to lightly paraphrase.",T,Original examples and Chinese translations require content review.,pending
examples_mirror_n_1,mirror_n_1,mirror,4,author_practice_examples,2,T,"Write two original American-English examples for the selected sense; use source evidence only as usage guidance, not as text to lightly paraphrase.",T,Original examples and Chinese translations require content review.,pending
examples_carpet_n_1,carpet_n_1,carpet,4,author_practice_examples,2,T,"Write two original American-English examples for the selected sense; use source evidence only as usage guidance, not as text to lightly paraphrase.",T,Original examples and Chinese translations require content review.,pending
examples_lamp_n_1,lamp_n_1,lamp,4,author_practice_examples,2,T,"Write two original American-English examples for the selected sense; use source evidence only as usage guidance, not as text to lightly paraphrase.",T,Original examples and Chinese translations require content review.,pending
examples_lock_n_1,lock_n_1,lock,4,author_practice_examples,2,T,"Write two original American-English examples for the selected sense; use source evidence only as usage guidance, not as text to lightly paraphrase.",T,Original examples and Chinese translations require content review.,pending
examples_stairs_n_1,stairs_n_1,stairs,4,author_practice_examples,2,F,"Write two original American-English examples for the selected sense; use source evidence only as usage guidance, not as text to lightly paraphrase.",T,Original examples and Chinese translations require content review.,pending
examples_shower_n_1,shower_n_1,shower,4,author_practice_examples,2,T,"Write two original American-English examples for the selected sense; use source evidence only as usage guidance, not as text to lightly paraphrase.",T,Original examples and Chinese translations require content review.,pending
examples_cabinet_n_1,cabinet_n_1,cabinet,4,author_practice_examples,2,T,"Write two original American-English examples for the selected sense; use source evidence only as usage guidance, not as text to lightly paraphrase.",T,Original examples and Chinese translations require content review.,pending
examples_curtain_n_1,curtain_n_1,curtain,4,author_practice_examples,2,T,"Write two original American-English examples for the selected sense; use source evidence only as usage guidance, not as text to lightly paraphrase.",T,Original examples and Chinese translations require content review.,pending
examples_balcony_n_1,balcony_n_1,balcony,4,author_practice_examples,2,F,"Write two original American-English examples for the selected sense; use source evidence only as usage guidance, not as text to lightly paraphrase.",T,Original examples and Chinese translations require content review.,pending
examples_toilet_n_1,toilet_n_1,toilet,4,author_practice_examples,2,T,"Write two original American-English examples for the selected sense; use source evidence only as usage guidance, not as text to lightly paraphrase.",T,Original examples and Chinese translations require content review.,pending
examples_closet_n_1,closet_n_1,closet,4,author_practice_examples,2,F,"Write two original American-English examples for the selected sense; use source evidence only as usage guidance, not as text to lightly paraphrase.",T,Original examples and Chinese translations require content review.,pending
examples_drawer_n_1,drawer_n_1,drawer,4,author_practice_examples,2,F,"Write two original American-English examples for the selected sense; use source evidence only as usage guidance, not as text to lightly paraphrase.",T,Original examples and Chinese translations require content review.,pending
examples_couch_n_1,couch_n_1,couch,4,author_practice_examples,2,F,"Write two original American-English examples for the selected sense; use source evidence only as usage guidance, not as text to lightly paraphrase.",T,Original examples and Chinese translations require content review.,pending
examples_wardrobe_n_1,wardrobe_n_1,wardrobe,4,author_practice_examples,2,F,"Write two original American-English examples for the selected sense; use source evidence only as usage guidance, not as text to lightly paraphrase.",T,Original examples and Chinese translations require content review.,pending
examples_sofa_n_1,sofa_n_1,sofa,4,author_practice_examples,2,F,"Write two original American-English examples for the selected sense; use source evidence only as usage guidance, not as text to lightly paraphrase.",T,Original examples and Chinese translations require content review.,pending
examples_blanket_n_1,blanket_n_1,blanket,4,author_practice_examples,2,T,"Write two original American-English examples for the selected sense; use source evidence only as usage guidance, not as text to lightly paraphrase.",T,Original examples and Chinese translations require content review.,pending
examples_pillow_n_1,pillow_n_1,pillow,4,author_practice_examples,2,F,"Write two original American-English examples for the selected sense; use source evidence only as usage guidance, not as text to lightly paraphrase.",T,Original examples and Chinese translations require content review.,pending
examples_mattress_n_1,mattress_n_1,mattress,4,author_practice_examples,2,F,"Write two original American-English examples for the selected sense; use source evidence only as usage guidance, not as text to lightly paraphrase.",T,Original examples and Chinese translations require content review.,pending
examples_cup_n_1,cup_n_1,cup,5,author_practice_examples,2,T,"Write two original American-English examples for the selected sense; use source evidence only as usage guidance, not as text to lightly paraphrase.",T,Original examples and Chinese translations require content review.,pending
examples_glass_n_1,glass_n_1,glass,5,author_practice_examples,2,T,"Write two original American-English examples for the selected sense; use source evidence only as usage guidance, not as text to lightly paraphrase.",T,Original examples and Chinese translations require content review.,pending
examples_object_n_1,object_n_1,object,5,author_practice_examples,2,T,"Write two original American-English examples for the selected sense; use source evidence only as usage guidance, not as text to lightly paraphrase.",T,Original examples and Chinese translations require content review.,pending
examples_thing_n_1,thing_n_1,thing,5,author_practice_examples,2,T,"Write two original American-English examples for the selected sense; use source evidence only as usage guidance, not as text to lightly paraphrase.",T,Original examples and Chinese translations require content review.,pending
examples_box_n_1,box_n_1,box,5,author_practice_examples,2,T,"Write two original American-English examples for the selected sense; use source evidence only as usage guidance, not as text to lightly paraphrase.",T,Original examples and Chinese translations require content review.,pending
examples_bag_n_1,bag_n_1,bag,5,author_practice_examples,2,T,"Write two original American-English examples for the selected sense; use source evidence only as usage guidance, not as text to lightly paraphrase.",T,Original examples and Chinese translations require content review.,pending
examples_bottle_n_1,bottle_n_1,bottle,5,author_practice_examples,2,T,"Write two original American-English examples for the selected sense; use source evidence only as usage guidance, not as text to lightly paraphrase.",T,Original examples and Chinese translations require content review.,pending
examples_knife_n_1,knife_n_1,knife,5,author_practice_examples,2,T,"Write two original American-English examples for the selected sense; use source evidence only as usage guidance, not as text to lightly paraphrase.",T,Original examples and Chinese translations require content review.,pending
examples_television_n_1,television_n_1,television,5,author_practice_examples,2,T,"Write two original American-English examples for the selected sense; use source evidence only as usage guidance, not as text to lightly paraphrase.",T,Original examples and Chinese translations require content review.,pending
examples_dish_n_1,dish_n_1,dish,5,author_practice_examples,2,T,"Write two original American-English examples for the selected sense; use source evidence only as usage guidance, not as text to lightly paraphrase.",T,Original examples and Chinese translations require content review.,pending
examples_computer_n_1,computer_n_1,computer,5,author_practice_examples,2,T,"Write two original American-English examples for the selected sense; use source evidence only as usage guidance, not as text to lightly paraphrase.",T,Original examples and Chinese translations require content review.,pending
examples_plate_n_1,plate_n_1,plate,5,author_practice_examples,2,T,"Write two original American-English examples for the selected sense; use source evidence only as usage guidance, not as text to lightly paraphrase.",T,Original examples and Chinese translations require content review.,pending
examples_phone_n_1,phone_n_1,phone,5,author_practice_examples,2,T,"Write two original American-English examples for the selected sense; use source evidence only as usage guidance, not as text to lightly paraphrase.",T,Original examples and Chinese translations require content review.,pending
examples_bowl_n_1,bowl_n_1,bowl,5,author_practice_examples,2,T,"Write two original American-English examples for the selected sense; use source evidence only as usage guidance, not as text to lightly paraphrase.",T,Original examples and Chinese translations require content review.,pending
examples_clock_n_1,clock_n_1,clock,5,author_practice_examples,2,T,"Write two original American-English examples for the selected sense; use source evidence only as usage guidance, not as text to lightly paraphrase.",T,Original examples and Chinese translations require content review.,pending
examples_towel_n_1,towel_n_1,towel,5,author_practice_examples,2,T,"Write two original American-English examples for the selected sense; use source evidence only as usage guidance, not as text to lightly paraphrase.",T,Original examples and Chinese translations require content review.,pending
examples_spoon_n_1,spoon_n_1,spoon,5,author_practice_examples,2,T,"Write two original American-English examples for the selected sense; use source evidence only as usage guidance, not as text to lightly paraphrase.",T,Original examples and Chinese translations require content review.,pending
examples_carry_v_1,carry_v_1,carry,5,author_practice_examples,2,T,"Write two original American-English examples for the selected sense; use source evidence only as usage guidance, not as text to lightly paraphrase.",T,Original examples and Chinese translations require content review.,pending
examples_fork_n_1,fork_n_1,fork,5,author_practice_examples,2,T,"Write two original American-English examples for the selected sense; use source evidence only as usage guidance, not as text to lightly paraphrase.",T,Original examples and Chinese translations require content review.,pending
examples_pot_n_1,pot_n_1,pot,5,author_practice_examples,2,T,"Write two original American-English examples for the selected sense; use source evidence only as usage guidance, not as text to lightly paraphrase.",T,Original examples and Chinese translations require content review.,pending
examples_put_v_1,put_v_1,put,5,author_practice_examples,2,T,"Write two original American-English examples for the selected sense; use source evidence only as usage guidance, not as text to lightly paraphrase.",T,Original examples and Chinese translations require content review.,pending
examples_keep_v_1,keep_v_1,keep,5,author_practice_examples,2,T,"Write two original American-English examples for the selected sense; use source evidence only as usage guidance, not as text to lightly paraphrase.",T,Original examples and Chinese translations require content review.,pending
examples_clean_v_1,clean_v_1,clean,5,author_practice_examples,2,T,"Write two original American-English examples for the selected sense; use source evidence only as usage guidance, not as text to lightly paraphrase.",T,Original examples and Chinese translations require content review.,pending
examples_pan_n_1,pan_n_1,pan,5,author_practice_examples,2,F,"Write two original American-English examples for the selected sense; use source evidence only as usage guidance, not as text to lightly paraphrase.",T,Original examples and Chinese translations require content review.,pending
examples_open_v_1,open_v_1,open,5,author_practice_examples,2,T,"Write two original American-English examples for the selected sense; use source evidence only as usage guidance, not as text to lightly paraphrase.",T,Original examples and Chinese translations require content review.,pending
examples_soap_n_1,soap_n_1,soap,5,author_practice_examples,2,T,"Write two original American-English examples for the selected sense; use source evidence only as usage guidance, not as text to lightly paraphrase.",T,Original examples and Chinese translations require content review.,pending
examples_brush_n_1,brush_n_1,brush,5,author_practice_examples,2,T,"Write two original American-English examples for the selected sense; use source evidence only as usage guidance, not as text to lightly paraphrase.",T,Original examples and Chinese translations require content review.,pending
examples_fridge_n_1,fridge_n_1,fridge,5,author_practice_examples,2,T,"Write two original American-English examples for the selected sense; use source evidence only as usage guidance, not as text to lightly paraphrase.",T,Original examples and Chinese translations require content review.,pending
examples_use_v_1,use_v_1,use,5,author_practice_examples,2,T,"Write two original American-English examples for the selected sense; use source evidence only as usage guidance, not as text to lightly paraphrase.",T,Original examples and Chinese translations require content review.,pending
examples_need_v_1,need_v_1,need,5,author_practice_examples,2,T,"Write two original American-English examples for the selected sense; use source evidence only as usage guidance, not as text to lightly paraphrase.",T,Original examples and Chinese translations require content review.,pending
examples_water_n_1,water_n_1,water,5,author_practice_examples,2,T,"Write two original American-English examples for the selected sense; use source evidence only as usage guidance, not as text to lightly paraphrase.",T,Original examples and Chinese translations require content review.,pending
examples_wash_v_1,wash_v_1,wash,5,author_practice_examples,2,T,"Write two original American-English examples for the selected sense; use source evidence only as usage guidance, not as text to lightly paraphrase.",T,Original examples and Chinese translations require content review.,pending
examples_cook_v_1,cook_v_1,cook,5,author_practice_examples,2,T,"Write two original American-English examples for the selected sense; use source evidence only as usage guidance, not as text to lightly paraphrase.",T,Original examples and Chinese translations require content review.,pending
examples_oven_n_1,oven_n_1,oven,5,author_practice_examples,2,T,"Write two original American-English examples for the selected sense; use source evidence only as usage guidance, not as text to lightly paraphrase.",T,Original examples and Chinese translations require content review.,pending
examples_move_v_1,move_v_1,move,5,author_practice_examples,2,T,"Write two original American-English examples for the selected sense; use source evidence only as usage guidance, not as text to lightly paraphrase.",T,Original examples and Chinese translations require content review.,pending
examples_own_v_1,own_v_1,own,5,author_practice_examples,2,T,"Write two original American-English examples for the selected sense; use source evidence only as usage guidance, not as text to lightly paraphrase.",T,Original examples and Chinese translations require content review.,pending
examples_repair_v_1,repair_v_1,repair,5,author_practice_examples,2,T,"Write two original American-English examples for the selected sense; use source evidence only as usage guidance, not as text to lightly paraphrase.",T,Original examples and Chinese translations require content review.,pending
examples_electricity_n_1,electricity_n_1,electricity,5,author_practice_examples,2,T,"Write two original American-English examples for the selected sense; use source evidence only as usage guidance, not as text to lightly paraphrase.",T,Original examples and Chinese translations require content review.,pending
examples_fix_v_1,fix_v_1,fix,5,author_practice_examples,2,T,"Write two original American-English examples for the selected sense; use source evidence only as usage guidance, not as text to lightly paraphrase.",T,Original examples and Chinese translations require content review.,pending
examples_basket_n_1,basket_n_1,basket,5,author_practice_examples,2,T,"Write two original American-English examples for the selected sense; use source evidence only as usage guidance, not as text to lightly paraphrase.",T,Original examples and Chinese translations require content review.,pending
examples_comfortable_adj_1,comfortable_adj_1,comfortable,5,author_practice_examples,2,T,"Write two original American-English examples for the selected sense; use source evidence only as usage guidance, not as text to lightly paraphrase.",T,Original examples and Chinese translations require content review.,pending
examples_safe_adj_1,safe_adj_1,safe,5,author_practice_examples,2,T,"Write two original American-English examples for the selected sense; use source evidence only as usage guidance, not as text to lightly paraphrase.",T,Original examples and Chinese translations require content review.,pending
examples_rent_v_1,rent_v_1,rent,5,author_practice_examples,2,T,"Write two original American-English examples for the selected sense; use source evidence only as usage guidance, not as text to lightly paraphrase.",T,Original examples and Chinese translations require content review.,pending
examples_refrigerator_n_1,refrigerator_n_1,refrigerator,5,author_practice_examples,2,F,"Write two original American-English examples for the selected sense; use source evidence only as usage guidance, not as text to lightly paraphrase.",T,Original examples and Chinese translations require content review.,pending
examples_stove_n_1,stove_n_1,stove,5,author_practice_examples,2,F,"Write two original American-English examples for the selected sense; use source evidence only as usage guidance, not as text to lightly paraphrase.",T,Original examples and Chinese translations require content review.,pending
